method,dataset,fit,fit_sd,cv,test_acc,acc_sd,test_f1,n_feats
RL-DOHO,Rheumatic,0.18317493573436194,0.0013366257294983273,0.8237771211918423,0.8432974762101779,0.004235324821149394,0.8395967892100487,12.2
DO,Rheumatic,0.2279728293205236,0.027313424261766382,0.7762900713934104,0.7999172527927183,0.030809648457534058,0.7965634213193769,9.1
HO,Rheumatic,0.18380674488337223,0.0012989119771466516,0.8234275304208362,0.8429044269755895,0.0009106370993914709,0.8388457999334058,12.6
DOHO,Rheumatic,0.18573458142860838,0.002246289243445642,0.8215523708513335,0.8445386843194042,0.0029695149634718747,0.8400994693390444,12.7
GA,Rheumatic,0.18206230135655563,0.00015437396900190142,0.8236022930020361,0.8444973107157633,0.003480810121558549,0.8386243701684408,10.4
BPSO,Rheumatic,0.18278747382819144,0.0009856847777082417,0.8233026959888399,0.8454489035995035,0.003162142299496294,0.8405548466413395,11.0
BGWO,Rheumatic,0.18941275534936422,0.011556260967273566,0.8161775919991993,0.8384981381878361,0.013018649237197217,0.8327827706342668,10.4
LASSO,Rheumatic,0.1867689455293787,0.0,0.8200025081232827,0.8491932147290029,0.0,0.8481076480781514,12.0
mRMR,Rheumatic,0.18479147597993953,0.0020604585648674855,0.8219278020404651,0.8451179147703766,0.004460393014831357,0.8414796255080546,11.9
ReliefF,Rheumatic,0.18537438166566705,0.0012002494709728723,0.8209782580577677,0.8496896979726933,0.0004273047409965467,0.8476054348373051,11.4
All features,Rheumatic,0.1884449860591086,0.0,0.8197525393342338,0.8396772858916011,0.0,0.8350444907091598,14.0
