dataset,metric,vs,W,T,L,mean_diff,p,friedman_p,holm_p
Rheumatic,fit,DO,10,0,0,-0.044797893586161666,0.001953125,1.0011309090322511e-11,0.01953125
Rheumatic,fit,HO,5,2,3,-0.0006318091490103095,0.5703125,1.0011309090322511e-11,1.0
Rheumatic,fit,DOHO,8,0,2,-0.0025596456942464678,0.01953125,1.0011309090322511e-11,0.1171875
Rheumatic,fit,GA,1,2,7,0.0011126343778062931,0.03125,1.0011309090322511e-11,0.15625
Rheumatic,fit,BPSO,4,2,4,0.0003874619061704887,0.7421875,1.0011309090322511e-11,1.0
Rheumatic,fit,BGWO,7,0,3,-0.006237819615002272,0.16015625,1.0011309090322511e-11,0.48046875
Rheumatic,fit,LASSO,10,0,0,-0.0035940097950167673,0.001953125,1.0011309090322511e-11,0.01953125
Rheumatic,fit,mRMR,6,2,2,-0.0016165402455775913,0.0546875,1.0011309090322511e-11,0.21875
Rheumatic,fit,ReliefF,10,0,0,-0.002199445931305105,0.001953125,1.0011309090322511e-11,0.01953125
Rheumatic,fit,All features,10,0,0,-0.005270050324746656,0.001953125,1.0011309090322511e-11,0.01953125
Rheumatic,test_acc,DO,10,0,0,0.04338022341745963,0.001953125,2.2544148469400107e-10,0.01953125
Rheumatic,test_acc,HO,4,2,4,0.0003930492345882941,0.8671875,2.2544148469400107e-10,1.0
Rheumatic,test_acc,DOHO,4,0,6,-0.0012412081092263328,0.431640625,2.2544148469400107e-10,1.0
Rheumatic,test_acc,GA,2,2,6,-0.0011998345055854176,0.2421875,2.2544148469400107e-10,1.0
Rheumatic,test_acc,BPSO,4,2,4,-0.002151427389325622,0.4375,2.2544148469400107e-10,1.0
Rheumatic,test_acc,BGWO,5,0,5,0.004799338022341726,0.625,2.2544148469400107e-10,1.0
Rheumatic,test_acc,LASSO,0,0,10,-0.005895738518825,0.001953125,2.2544148469400107e-10,0.01953125
Rheumatic,test_acc,mRMR,3,2,5,-0.0018204385601986006,0.3984375,2.2544148469400107e-10,1.0
Rheumatic,test_acc,ReliefF,0,0,10,-0.006392221762515515,0.001953125,2.2544148469400107e-10,0.01953125
Rheumatic,test_acc,All features,7,0,3,0.0036201903185768213,0.021484375,2.2544148469400107e-10,0.150390625
Rheumatic,test_f1,DO,10,0,0,0.04303336789067195,0.001953125,7.367455789323966e-11,0.01953125
Rheumatic,test_f1,HO,5,2,3,0.0007509892766428772,0.4296875,7.367455789323966e-11,1.0
Rheumatic,test_f1,DOHO,4,0,6,-0.000502680128995725,0.693359375,7.367455789323966e-11,1.0
Rheumatic,test_f1,GA,3,2,5,0.0009724190416079304,0.96875,7.367455789323966e-11,1.0
Rheumatic,test_f1,BPSO,3,2,5,-0.000958057431290782,0.625,7.367455789323966e-11,1.0
Rheumatic,test_f1,BGWO,6,0,4,0.006814018575781922,0.322265625,7.367455789323966e-11,1.0
Rheumatic,test_f1,LASSO,0,0,10,-0.0085108588681027,0.001953125,7.367455789323966e-11,0.01953125
Rheumatic,test_f1,mRMR,3,2,5,-0.0018828362980058966,0.3984375,7.367455789323966e-11,1.0
Rheumatic,test_f1,ReliefF,0,0,10,-0.008008645627256294,0.001953125,7.367455789323966e-11,0.01953125
Rheumatic,test_f1,All features,7,0,3,0.004552298500888963,0.021484375,7.367455789323966e-11,0.150390625
