dataset,variant,seed,fit,cv_acc,test_acc,n_feats
colon,RL-DOHO (4-arm bandit),0,0.1667250000000001,0.836111111111111,0.8421052631578947,895
colon,RL-DOHO (4-arm bandit),1,0.11742500000000004,0.8861111111111111,0.631578947368421,935
colon,RL-DOHO (4-arm bandit),2,0.14237500000000006,0.861111111111111,0.7894736842105263,975
colon,RL-DOHO (4-arm bandit),3,0.16967500000000008,0.8333333333333333,0.7894736842105263,935
colon,RL-DOHO (4-arm bandit),4,0.21080999999999994,0.7916666666666667,0.7894736842105263,912
colon,RL-DOHO (4-arm bandit),5,0.16418999999999997,0.8388888888888889,0.6842105263157895,938
colon,RL-DOHO (4-arm bandit),6,0.07602999999999997,0.9277777777777778,0.6842105263157895,906
colon,RL-DOHO (4-arm bandit),7,0.19171,0.8111111111111111,0.8421052631578947,942
colon,RL-DOHO (4-arm bandit),8,0.21082500000000004,0.7916666666666666,0.8421052631578947,915
colon,RL-DOHO (4-arm bandit),9,0.1669400000000001,0.836111111111111,0.631578947368421,938
colon,Random arm,0,0.18884,0.8138888888888889,0.8421052631578947,918
colon,Random arm,1,0.09543500000000012,0.9083333333333332,0.631578947368421,937
colon,Random arm,2,0.14226500000000006,0.861111111111111,0.7894736842105263,953
colon,Random arm,3,0.191645,0.8111111111111111,0.7894736842105263,929
colon,Random arm,4,0.189025,0.8138888888888889,0.7894736842105263,955
colon,Random arm,5,0.16434999999999997,0.8388888888888889,0.6842105263157895,970
colon,Random arm,6,0.07615499999999997,0.9277777777777778,0.7894736842105263,931
colon,Random arm,7,0.19193,0.8111111111111111,0.8421052631578947,986
colon,Random arm,8,0.18906,0.8138888888888889,0.8421052631578947,962
colon,Random arm,9,0.16690500000000008,0.836111111111111,0.5789473684210527,931
colon,Without HO arm (3 arms),0,0.14230500000000007,0.861111111111111,0.9473684210526315,961
colon,Without HO arm (3 arms),1,0.09555000000000012,0.9083333333333332,0.5263157894736842,960
colon,Without HO arm (3 arms),2,0.1669800000000001,0.836111111111111,0.7368421052631579,946
colon,Without HO arm (3 arms),3,0.19167,0.8111111111111111,0.7368421052631579,934
colon,Without HO arm (3 arms),4,0.188935,0.8138888888888889,0.8947368421052632,937
colon,Without HO arm (3 arms),5,0.16409499999999996,0.8388888888888889,0.6842105263157895,919
colon,Without HO arm (3 arms),6,0.07606999999999997,0.9277777777777778,0.7368421052631579,914
colon,Without HO arm (3 arms),7,0.19179,0.8111111111111111,0.8421052631578947,958
colon,Without HO arm (3 arms),8,0.188935,0.8138888888888889,0.7894736842105263,937
colon,Without HO arm (3 arms),9,0.1669250000000001,0.836111111111111,0.631578947368421,935
colon,PERTURB only,0,0.19157,0.8111111111111111,0.9473684210526315,914
colon,PERTURB only,1,0.09547500000000013,0.9083333333333332,0.5789473684210527,945
colon,PERTURB only,2,0.14222500000000007,0.861111111111111,0.7368421052631579,945
colon,PERTURB only,3,0.16969000000000006,0.8333333333333333,0.6842105263157895,938
colon,PERTURB only,4,0.18899,0.8138888888888889,0.8421052631578947,948
colon,PERTURB only,5,0.1861549999999999,0.8166666666666668,0.7368421052631579,931
colon,PERTURB only,6,0.07614499999999996,0.9277777777777778,0.6842105263157895,929
colon,PERTURB only,7,0.1916,0.8111111111111111,0.7894736842105263,920
colon,PERTURB only,8,0.1671150000000001,0.836111111111111,0.8421052631578947,973
colon,PERTURB only,9,0.14504500000000015,0.8583333333333332,0.631578947368421,959
colon,Q-learning controller,0,0.19189,0.8111111111111111,0.8947368421052632,978
colon,Q-learning controller,1,0.11745000000000004,0.8861111111111111,0.5789473684210527,940
colon,Q-learning controller,2,0.14202500000000007,0.861111111111111,0.7368421052631579,905
colon,Q-learning controller,3,0.14769500000000005,0.8555555555555555,0.8421052631578947,939
colon,Q-learning controller,4,0.18885,0.8138888888888889,0.7894736842105263,920
colon,Q-learning controller,5,0.14216500000000007,0.861111111111111,0.631578947368421,933
colon,Q-learning controller,6,0.07633499999999997,0.9277777777777778,0.6842105263157895,967
colon,Q-learning controller,7,0.21358500000000002,0.7888888888888889,0.8421052631578947,917
colon,Q-learning controller,8,0.21080500000000005,0.7916666666666666,0.6842105263157895,911
colon,Q-learning controller,9,0.19146,0.8111111111111111,0.631578947368421,892
colon,No local search (= DO),0,0.18923,0.8138888888888889,0.8421052631578947,996
colon,No local search (= DO),1,0.11745500000000005,0.8861111111111111,0.42105263157894735,941
colon,No local search (= DO),2,0.1670600000000001,0.836111111111111,0.7368421052631579,962
colon,No local search (= DO),3,0.191915,0.8111111111111111,0.7368421052631579,983
colon,No local search (= DO),4,0.21085999999999994,0.7916666666666667,0.7894736842105263,922
colon,No local search (= DO),5,0.18615,0.8166666666666667,0.7368421052631579,930
colon,No local search (= DO),6,0.07647499999999996,0.9277777777777778,0.6842105263157895,995
colon,No local search (= DO),7,0.23873000000000005,0.7638888888888888,0.8421052631578947,996
colon,No local search (= DO),8,0.21094000000000004,0.7916666666666666,0.7368421052631579,938
colon,No local search (= DO),9,0.1669400000000001,0.836111111111111,0.631578947368421,938
ALLAML,RL-DOHO (4-arm bandit),0,0.16317907139851304,0.8400000000000001,0.8636363636363636,3407
ALLAML,RL-DOHO (4-arm bandit),1,0.10375662785804458,0.9,0.7272727272727273,3391
ALLAML,RL-DOHO (4-arm bandit),2,0.16330391359236912,0.8400000000000001,0.7727272727272727,3496
ALLAML,RL-DOHO (4-arm bandit),3,0.18305902651143213,0.8200000000000001,0.9090909090909091,3464
ALLAML,RL-DOHO (4-arm bandit),4,0.10391653808388271,0.9,0.7727272727272727,3505
ALLAML,RL-DOHO (4-arm bandit),5,0.14344359657736008,0.86,0.8636363636363636,3453
ALLAML,RL-DOHO (4-arm bandit),6,0.0642295693645672,0.9400000000000001,0.7727272727272727,3443
ALLAML,RL-DOHO (4-arm bandit),7,0.1632744564455042,0.8400000000000001,0.9545454545454546,3475
ALLAML,RL-DOHO (4-arm bandit),8,0.16324079113480144,0.8400000000000001,0.9545454545454546,3451
ALLAML,RL-DOHO (4-arm bandit),9,0.1433580305793239,0.86,0.7727272727272727,3392
ALLAML,Random arm,0,0.14344499929863935,0.86,0.8636363636363636,3454
ALLAML,Random arm,1,0.1038323748071258,0.9,0.6818181818181818,3445
ALLAML,Random arm,2,0.1632814700519006,0.8400000000000001,0.7727272727272727,3480
ALLAML,Random arm,3,0.18305902651143224,0.82,0.9090909090909091,3464
ALLAML,Random arm,4,0.10385201290503575,0.9,0.7727272727272727,3459
ALLAML,Random arm,5,0.14346323467527003,0.86,0.8636363636363636,3467
ALLAML,Random arm,6,0.0839706550708375,0.9199999999999999,0.7727272727272727,3401
ALLAML,Random arm,7,0.14342115303689157,0.86,0.9090909090909091,3437
ALLAML,Random arm,8,0.16329549726469345,0.8400000000000001,0.9090909090909091,3490
ALLAML,Random arm,9,0.1236632346752699,0.8800000000000001,0.7727272727272727,3467
ALLAML,Without HO arm (3 arms),0,0.16310332444943182,0.8400000000000001,0.8181818181818182,3353
ALLAML,Without HO arm (3 arms),1,0.10386323467527,0.9,0.7272727272727273,3467
ALLAML,Without HO arm (3 arms),2,0.1632744564455042,0.8400000000000001,0.7727272727272727,3475
ALLAML,Without HO arm (3 arms),3,0.1830786646093422,0.82,0.9090909090909091,3478
ALLAML,Without HO arm (3 arms),4,0.12364640201991853,0.8800000000000001,0.7727272727272727,3455
ALLAML,Without HO arm (3 arms),5,0.14343798569224295,0.86,0.8636363636363636,3449
ALLAML,Without HO arm (3 arms),6,0.08392015710478336,0.9199999999999999,0.7727272727272727,3365
ALLAML,Without HO arm (3 arms),7,0.1434506101837565,0.86,0.9545454545454546,3458
ALLAML,Without HO arm (3 arms),8,0.16325341562631498,0.8400000000000001,0.9545454545454546,3460
ALLAML,Without HO arm (3 arms),9,0.14347445644550427,0.86,0.7727272727272727,3475
ALLAML,PERTURB only,0,0.1829243652686212,0.82,0.8636363636363636,3368
ALLAML,PERTURB only,1,0.10378047411979237,0.9,0.7272727272727273,3408
ALLAML,PERTURB only,2,0.14356423060737833,0.86,0.7727272727272727,3539
ALLAML,PERTURB only,3,0.1830702482816665,0.82,0.9090909090909091,3472
ALLAML,PERTURB only,4,0.12368287277317985,0.8800000000000001,0.7727272727272727,3481
ALLAML,PERTURB only,5,0.14344640201991865,0.86,0.8636363636363636,3455
ALLAML,PERTURB only,6,0.08395943330060325,0.9199999999999999,0.7272727272727273,3393
ALLAML,PERTURB only,7,0.14352214896899987,0.86,0.9545454545454546,3509
ALLAML,PERTURB only,8,0.18295803057932383,0.8200000000000001,0.9090909090909091,3392
ALLAML,PERTURB only,9,0.1433959040538645,0.86,0.7727272727272727,3419
ALLAML,Q-learning controller,0,0.14344219385608079,0.86,0.8636363636363636,3452
ALLAML,Q-learning controller,1,0.1038716510029457,0.9,0.7272727272727273,3473
ALLAML,Q-learning controller,2,0.14343518024968438,0.86,0.7272727272727273,3447
ALLAML,Q-learning controller,3,0.1830464020199186,0.8200000000000001,0.9090909090909091,3455
ALLAML,Q-learning controller,4,0.10374540608781033,0.9,0.7727272727272727,3383
ALLAML,Q-learning controller,5,0.1434870809370178,0.86,0.8636363636363636,3484
ALLAML,Q-learning controller,6,0.064144003366531,0.9400000000000001,0.7727272727272727,3382
ALLAML,Q-learning controller,7,0.16325622106887355,0.8400000000000001,0.9545454545454546,3462
ALLAML,Q-learning controller,8,0.1632211530368915,0.8400000000000001,0.9545454545454546,3437
ALLAML,Q-learning controller,9,0.10383798569224292,0.9,0.7727272727272727,3449
ALLAML,No local search (= DO),0,0.16326183195399066,0.8400000000000001,0.8181818181818182,3466
ALLAML,No local search (= DO),1,0.10384499929863934,0.9,0.6818181818181818,3454
ALLAML,No local search (= DO),2,0.14352916257539627,0.86,0.7727272727272727,3514
ALLAML,No local search (= DO),3,0.16325341562631498,0.8400000000000001,0.9090909090909091,3460
ALLAML,No local search (= DO),4,0.12369970542853123,0.8800000000000001,0.7727272727272727,3493
ALLAML,No local search (= DO),5,0.14347445644550427,0.86,0.8636363636363636,3475
ALLAML,No local search (= DO),6,0.0839397952026933,0.9199999999999999,0.7727272727272727,3379
ALLAML,No local search (= DO),7,0.14352495441155844,0.86,0.9090909090909091,3511
ALLAML,No local search (= DO),8,0.16330391359236912,0.8400000000000001,0.9090909090909091,3496
ALLAML,No local search (= DO),9,0.14350952447748633,0.86,0.7727272727272727,3500
lung,RL-DOHO (4-arm bandit),0,0.03985363865686196,0.9645320197044336,0.9180327868852459,1570
lung,RL-DOHO (4-arm bandit),1,0.053674151019728236,0.9504926108374384,0.9672131147540983,1544
lung,RL-DOHO (4-arm bandit),2,0.03997743092739336,0.9645320197044336,0.9508196721311475,1611
lung,RL-DOHO (4-arm bandit),3,0.04631660955236664,0.9578817733990148,0.9180327868852459,1530
lung,RL-DOHO (4-arm bandit),4,0.03321023119392674,0.9714285714285715,0.9508196721311475,1631
lung,RL-DOHO (4-arm bandit),5,0.039907986482948916,0.9645320197044336,0.9672131147540983,1588
lung,RL-DOHO (4-arm bandit),6,0.039597718997644096,0.9647783251231526,0.9344262295081968,1566
lung,RL-DOHO (4-arm bandit),7,0.053819078555960125,0.9504926108374384,0.9508196721311475,1592
lung,RL-DOHO (4-arm bandit),8,0.03899529996906311,0.9652709359605911,0.9344262295081968,1528
lung,RL-DOHO (4-arm bandit),9,0.04657325206444393,0.9578817733990148,0.9508196721311475,1615
lung,Random arm,0,0.039883831893576936,0.9645320197044336,0.9180327868852459,1580
lung,Random arm,1,0.04673557268984559,0.9576354679802955,0.9672131147540983,1588
lung,Random arm,2,0.03994119904333539,0.9645320197044336,0.9344262295081968,1599
lung,Random arm,3,0.04635586076009611,0.9578817733990148,0.9180327868852459,1543
lung,Random arm,4,0.03313172877846781,0.9714285714285715,0.9344262295081968,1605
lung,Random arm,5,0.039907986482948916,0.9645320197044336,0.9672131147540983,1588
lung,Random arm,6,0.039576583731943615,0.9647783251231526,0.9344262295081968,1559
lung,Random arm,7,0.06060137490778411,0.9435960591133006,0.9344262295081968,1577
lung,Random arm,8,0.03916438209466698,0.9652709359605911,0.9508196721311475,1584
lung,Random arm,9,0.039498804169343885,0.9650246305418719,0.9672131147540983,1614
lung,Without HO arm (3 arms),0,0.03985061933319046,0.9645320197044336,0.9344262295081968,1569
lung,Without HO arm (3 arms),1,0.053773788700887656,0.9504926108374384,0.9672131147540983,1577
lung,Without HO arm (3 arms),2,0.046885816020561036,0.9573891625615765,0.9344262295081968,1557
lung,Without HO arm (3 arms),3,0.04630453225768065,0.9578817733990148,0.9344262295081968,1526
lung,Without HO arm (3 arms),4,0.03303511042097988,0.9714285714285715,0.9344262295081968,1573
lung,Without HO arm (3 arms),5,0.03989288986459143,0.9645320197044336,0.9672131147540983,1583
lung,Without HO arm (3 arms),6,0.039585641702958106,0.9647783251231526,0.9508196721311475,1562
lung,Without HO arm (3 arms),7,0.06065874205754257,0.9435960591133006,0.9344262295081968,1596
lung,Without HO arm (3 arms),8,0.03901945455843509,0.9652709359605911,0.9508196721311475,1536
lung,Without HO arm (3 arms),9,0.04654607815140045,0.9578817733990148,0.9836065573770492,1606
lung,PERTURB only,0,0.03976305894671703,0.9645320197044336,0.9180327868852459,1540
lung,PERTURB only,1,0.053716421551129205,0.9504926108374384,0.9672131147540983,1558
lung,PERTURB only,2,0.046912989933604515,0.9573891625615765,0.9344262295081968,1566
lung,PERTURB only,3,0.04635284143642461,0.9578817733990148,0.9344262295081968,1542
lung,PERTURB only,4,0.03310757418909583,0.9714285714285715,0.9508196721311475,1597
lung,PERTURB only,5,0.03984458068584747,0.9645320197044336,0.9672131147540983,1567
lung,PERTURB only,6,0.039600738321315596,0.9647783251231526,0.9672131147540983,1567
lung,PERTURB only,7,0.053740576140501185,0.9504926108374384,0.9344262295081968,1566
lung,PERTURB only,8,0.04608786380619215,0.958128078817734,0.9344262295081968,1535
lung,PERTURB only,9,0.04644644047024103,0.9578817733990148,0.9508196721311475,1573
lung,Q-learning controller,0,0.039552429142571635,0.9647783251231526,0.9016393442622951,1551
lung,Q-learning controller,1,0.053680189667071235,0.9504926108374384,0.9508196721311475,1546
lung,Q-learning controller,2,0.03977815556507452,0.9645320197044336,0.9344262295081968,1545
lung,Q-learning controller,3,0.04635586076009611,0.9578817733990148,0.9344262295081968,1543
lung,Q-learning controller,4,0.03281771911663206,0.9714285714285715,0.9672131147540983,1501
lung,Q-learning controller,5,0.03985363865686196,0.9645320197044336,0.9508196721311475,1570
lung,Q-learning controller,6,0.032523271102543834,0.97192118226601,0.9508196721311475,1565
lung,Q-learning controller,7,0.06043531210585175,0.9435960591133006,0.9508196721311475,1522
lung,Q-learning controller,8,0.03896812605601964,0.9652709359605911,0.9180327868852459,1519
lung,Q-learning controller,9,0.04622977201875231,0.9581280788177342,0.9836065573770492,1582
lung,No local search (= DO),0,0.0329271376216653,0.9716748768472907,0.9180327868852459,1618
lung,No local search (= DO),1,0.053683208990742734,0.9504926108374384,0.9672131147540983,1547
lung,No local search (= DO),2,0.046855622783846064,0.9573891625615765,0.9344262295081968,1547
lung,No local search (= DO),3,0.04639511196782558,0.9578817733990148,0.9344262295081968,1556
lung,No local search (= DO),4,0.03318003795721177,0.9714285714285715,0.9344262295081968,1621
lung,No local search (= DO),5,0.03995629566169288,0.9645320197044336,0.9672131147540983,1604
lung,No local search (= DO),6,0.039597718997644096,0.9647783251231526,0.9672131147540983,1566
lung,No local search (= DO),7,0.06069497394160054,0.9435960591133006,0.9344262295081968,1608
lung,No local search (= DO),8,0.0391372081816235,0.9652709359605911,0.9016393442622951,1575
lung,No local search (= DO),9,0.04650984626734248,0.9578817733990148,0.9344262295081968,1594
GLIOMA,RL-DOHO (4-arm bandit),0,0.25923087827823965,0.7428571428571428,0.8666666666666667,2066
GLIOMA,RL-DOHO (4-arm bandit),1,0.23101507829112697,0.7714285714285715,0.8666666666666667,2097
GLIOMA,RL-DOHO (4-arm bandit),2,0.2594699400734583,0.7428571428571429,0.9333333333333333,2172
GLIOMA,RL-DOHO (4-arm bandit),3,0.2026504285069914,0.8,0.8666666666666667,2062
GLIOMA,RL-DOHO (4-arm bandit),4,0.25938423867517235,0.7428571428571429,0.8666666666666667,2134
GLIOMA,RL-DOHO (4-arm bandit),5,0.20274064050518714,0.8,0.8,2102
GLIOMA,RL-DOHO (4-arm bandit),6,0.20286242670275142,0.8,0.6666666666666666,2156
GLIOMA,RL-DOHO (4-arm bandit),7,0.23105341839036028,0.7714285714285714,0.7333333333333333,2114
GLIOMA,RL-DOHO (4-arm bandit),8,0.20270906630581864,0.8,0.6666666666666666,2088
GLIOMA,RL-DOHO (4-arm bandit),9,0.2309632063921643,0.7714285714285716,0.9333333333333333,2074
GLIOMA,Random arm,0,0.25927598427733756,0.7428571428571428,0.8666666666666667,2086
GLIOMA,Random arm,1,0.23105792899026997,0.7714285714285715,0.8,2116
GLIOMA,Random arm,2,0.25949925897287196,0.7428571428571429,0.9333333333333333,2185
GLIOMA,Random arm,3,0.20257825890843478,0.8,0.8666666666666667,2030
GLIOMA,Random arm,4,0.2594000257748566,0.7428571428571429,0.8666666666666667,2141
GLIOMA,Random arm,5,0.23106920549004442,0.7714285714285715,0.8,2121
GLIOMA,Random arm,6,0.2309699722920291,0.7714285714285715,0.7333333333333333,2077
GLIOMA,Random arm,7,0.2310466524904956,0.7714285714285714,0.8,2111
GLIOMA,Random arm,8,0.20277898060442034,0.8,0.7333333333333333,2119
GLIOMA,Random arm,9,0.23093614279270558,0.7714285714285716,1.0,2062
GLIOMA,Without HO arm (3 arms),0,0.259330111476255,0.7428571428571428,0.8,2110
GLIOMA,Without HO arm (3 arms),1,0.23106695019008955,0.7714285714285715,0.8,2120
GLIOMA,Without HO arm (3 arms),2,0.28771054836007487,0.7142857142857142,0.9333333333333333,2152
GLIOMA,Without HO arm (3 arms),3,0.20265719440685606,0.8,0.8666666666666667,2065
GLIOMA,Without HO arm (3 arms),4,0.2592985372768864,0.7428571428571429,0.8666666666666667,2096
GLIOMA,Without HO arm (3 arms),5,0.20271583220568332,0.8,0.8,2091
GLIOMA,Without HO arm (3 arms),6,0.23095869579225461,0.7714285714285715,0.6,2072
GLIOMA,Without HO arm (3 arms),7,0.23101733359108198,0.7714285714285714,0.8,2098
GLIOMA,Without HO arm (3 arms),8,0.20269553450608926,0.8,0.7333333333333333,2082
GLIOMA,Without HO arm (3 arms),9,0.23087299439396855,0.7714285714285716,0.9333333333333333,2034
GLIOMA,PERTURB only,0,0.25924441007796906,0.7428571428571428,0.8,2072
GLIOMA,PERTURB only,1,0.25927372897738266,0.7428571428571428,0.8666666666666667,2085
GLIOMA,PERTURB only,2,0.31594664604678135,0.6857142857142857,0.9333333333333333,2130
GLIOMA,PERTURB only,3,0.2026414073071718,0.8,0.8666666666666667,2058
GLIOMA,PERTURB only,4,0.2593323667762099,0.7428571428571428,0.8666666666666667,2111
GLIOMA,PERTURB only,5,0.17452258521811967,0.8285714285714286,0.8,2132
GLIOMA,PERTURB only,6,0.23091133449320186,0.7714285714285715,0.6,2051
GLIOMA,PERTURB only,7,0.23091584509311175,0.7714285714285714,0.8,2053
GLIOMA,PERTURB only,8,0.20274740640505182,0.8,0.7333333333333333,2105
GLIOMA,PERTURB only,9,0.23084367549455492,0.7714285714285716,0.9333333333333333,2021
GLIOMA,Q-learning controller,0,0.25930530317675116,0.7428571428571428,0.8666666666666667,2099
GLIOMA,Q-learning controller,1,0.25938198337521745,0.7428571428571429,0.8,2133
GLIOMA,Q-learning controller,2,0.25942708937431536,0.7428571428571429,0.9333333333333333,2153
GLIOMA,Q-learning controller,3,0.20264817320703649,0.8,0.9333333333333333,2061
GLIOMA,Q-learning controller,4,0.2310827372897738,0.7714285714285715,0.8666666666666667,2127
GLIOMA,Q-learning controller,5,0.20270906630581864,0.8,0.7333333333333333,2088
GLIOMA,Q-learning controller,6,0.23082112249500608,0.7714285714285715,0.6666666666666666,2011
GLIOMA,Q-learning controller,7,0.20274740640505182,0.8,0.8,2105
GLIOMA,Q-learning controller,8,0.2027564276048714,0.8,0.7333333333333333,2109
GLIOMA,Q-learning controller,9,0.23086397319414897,0.7714285714285716,0.9333333333333333,2030
GLIOMA,No local search (= DO),0,0.25928500547715716,0.7428571428571428,0.8666666666666667,2090
GLIOMA,No local search (= DO),1,0.2593977704749017,0.7428571428571429,0.8666666666666667,2140
GLIOMA,No local search (= DO),2,0.31601430504542816,0.6857142857142857,0.9333333333333333,2160
GLIOMA,No local search (= DO),3,0.20261208840775818,0.8,0.8666666666666667,2045
GLIOMA,No local search (= DO),4,0.2311188220890521,0.7714285714285715,0.9333333333333333,2143
GLIOMA,No local search (= DO),5,0.20285566080288675,0.8,0.8,2153
GLIOMA,No local search (= DO),6,0.23099703589148782,0.7714285714285715,0.7333333333333333,2089
GLIOMA,No local search (= DO),7,0.23110077968941306,0.7714285714285714,0.8,2135
GLIOMA,No local search (= DO),8,0.2027609382047812,0.8,0.7333333333333333,2111
GLIOMA,No local search (= DO),9,0.23095418519234473,0.7714285714285716,0.9333333333333333,2070
