dataset,algo,seed,fit,cv_acc,test_acc,test_f1,n_feats
colon,DO,0,0.18923,0.8138888888888889,0.8421052631578947,0.8246153846153846,996
colon,HO,0,0.191995,0.8111111111111111,0.8421052631578947,0.8080808080808081,999
colon,DOHO,0,0.16713000000000008,0.836111111111111,0.8421052631578947,0.8080808080808081,976
colon,RL-DOHO,0,0.1667250000000001,0.836111111111111,0.8421052631578947,0.8080808080808081,895
colon,DO,1,0.11745500000000005,0.8861111111111111,0.42105263157894735,0.39420289855072466,941
colon,HO,1,0.09547500000000013,0.9083333333333332,0.5789473684210527,0.5476190476190476,945
colon,DOHO,1,0.07351499999999998,0.9305555555555556,0.631578947368421,0.5907692307692307,953
colon,RL-DOHO,1,0.11742500000000004,0.8861111111111111,0.631578947368421,0.6144927536231883,935
colon,DO,2,0.1670600000000001,0.836111111111111,0.7368421052631579,0.7246376811594203,962
colon,HO,2,0.14234000000000008,0.861111111111111,0.7894736842105263,0.7840909090909092,968
colon,DOHO,2,0.1670500000000001,0.836111111111111,0.7894736842105263,0.7738095238095238,960
colon,RL-DOHO,2,0.14237500000000006,0.861111111111111,0.7894736842105263,0.7738095238095238,975
colon,DO,3,0.191915,0.8111111111111111,0.7368421052631579,0.6801346801346801,983
colon,HO,3,0.191795,0.8111111111111111,0.7368421052631579,0.6801346801346801,959
colon,DOHO,3,0.191775,0.8111111111111111,0.7894736842105263,0.7285714285714285,955
colon,RL-DOHO,3,0.16967500000000008,0.8333333333333333,0.7894736842105263,0.7564102564102564,935
colon,DO,4,0.21085999999999994,0.7916666666666667,0.7894736842105263,0.7840909090909092,922
colon,HO,4,0.18873499999999999,0.8138888888888889,0.8421052631578947,0.8347826086956522,897
colon,DOHO,4,0.21087499999999992,0.7916666666666667,0.7894736842105263,0.7840909090909092,925
colon,RL-DOHO,4,0.21080999999999994,0.7916666666666667,0.7894736842105263,0.7738095238095238,912
colon,DO,5,0.18615,0.8166666666666667,0.7368421052631579,0.7246376811594203,930
colon,HO,5,0.14229000000000006,0.861111111111111,0.6842105263157895,0.6761363636363636,958
colon,DOHO,5,0.16422499999999998,0.8388888888888889,0.7368421052631579,0.7246376811594203,945
colon,RL-DOHO,5,0.16418999999999997,0.8388888888888889,0.6842105263157895,0.6761363636363636,938
colon,DO,6,0.07647499999999996,0.9277777777777778,0.6842105263157895,0.5928571428571429,995
colon,HO,6,0.07621499999999996,0.9277777777777778,0.7368421052631579,0.7076923076923077,943
colon,DOHO,6,0.07635499999999996,0.9277777777777778,0.7368421052631579,0.6801346801346801,971
colon,RL-DOHO,6,0.07602999999999997,0.9277777777777778,0.6842105263157895,0.6346153846153846,906
colon,DO,7,0.23873000000000005,0.7638888888888888,0.8421052631578947,0.8246153846153846,996
colon,HO,7,0.192015,0.8111111111111111,0.8947368421052632,0.8869047619047619,1003
colon,DOHO,7,0.21394500000000002,0.7888888888888889,0.7368421052631579,0.6801346801346801,989
colon,RL-DOHO,7,0.19171,0.8111111111111111,0.8421052631578947,0.8246153846153846,942
colon,DO,8,0.21094000000000004,0.7916666666666666,0.7368421052631579,0.6360153256704981,938
colon,HO,8,0.188855,0.8138888888888889,0.8947368421052632,0.8782051282051282,921
colon,DOHO,8,0.21088500000000004,0.7916666666666666,0.7894736842105263,0.7285714285714285,927
colon,RL-DOHO,8,0.21082500000000004,0.7916666666666666,0.8421052631578947,0.8080808080808081,915
colon,DO,9,0.1669400000000001,0.836111111111111,0.631578947368421,0.6144927536231883,938
colon,HO,9,0.16685000000000008,0.836111111111111,0.5789473684210527,0.5476190476190476,920
colon,DOHO,9,0.1668850000000001,0.836111111111111,0.6842105263157895,0.6761363636363636,927
colon,RL-DOHO,9,0.1669400000000001,0.836111111111111,0.631578947368421,0.6144927536231883,938
ALLAML,DO,0,0.16326183195399066,0.8400000000000001,0.8181818181818182,0.7904761904761906,3466
ALLAML,HO,0,0.1434337775284051,0.86,0.9090909090909091,0.8952380952380952,3446
ALLAML,DOHO,0,0.1632365829709636,0.8400000000000001,0.8636363636363636,0.8482758620689655,3448
ALLAML,RL-DOHO,0,0.16317907139851304,0.8400000000000001,0.8636363636363636,0.8482758620689655,3407
ALLAML,DO,1,0.10384499929863934,0.9,0.6818181818181818,0.6178660049627791,3454
ALLAML,HO,1,0.10385762379015287,0.9,0.7272727272727273,0.6857142857142857,3463
ALLAML,DOHO,1,0.10381273670921586,0.9,0.7272727272727273,0.6857142857142857,3431
ALLAML,RL-DOHO,1,0.10375662785804458,0.9,0.7272727272727273,0.6857142857142857,3391
ALLAML,DO,2,0.14352916257539627,0.86,0.7727272727272727,0.696969696969697,3514
ALLAML,HO,2,0.16321273670921582,0.8400000000000001,0.8181818181818182,0.7708333333333333,3431
ALLAML,DOHO,2,0.14351653808388273,0.86,0.7727272727272727,0.696969696969697,3505
ALLAML,RL-DOHO,2,0.16330391359236912,0.8400000000000001,0.7727272727272727,0.696969696969697,3496
ALLAML,DO,3,0.16325341562631498,0.8400000000000001,0.9090909090909091,0.8952380952380952,3460
ALLAML,HO,3,0.16335160611586472,0.8400000000000001,0.9090909090909091,0.8952380952380952,3530
ALLAML,DOHO,3,0.1830912891008557,0.82,0.9090909090909091,0.8952380952380952,3487
ALLAML,RL-DOHO,3,0.18305902651143213,0.8200000000000001,0.9090909090909091,0.8952380952380952,3464
ALLAML,DO,4,0.12369970542853123,0.8800000000000001,0.7727272727272727,0.696969696969697,3493
ALLAML,HO,4,0.12363938841352211,0.8800000000000001,0.7727272727272727,0.696969696969697,3450
ALLAML,DOHO,4,0.12370812175620692,0.8800000000000001,0.7727272727272727,0.696969696969697,3499
ALLAML,RL-DOHO,4,0.10391653808388271,0.9,0.7727272727272727,0.696969696969697,3505
ALLAML,DO,5,0.14347445644550427,0.86,0.8636363636363636,0.8362282878411911,3475
ALLAML,HO,5,0.14343798569224295,0.86,0.8636363636363636,0.8362282878411911,3449
ALLAML,DOHO,5,0.1434800673306214,0.86,0.8636363636363636,0.8362282878411911,3479
ALLAML,RL-DOHO,5,0.14344359657736008,0.86,0.8636363636363636,0.8362282878411911,3453
ALLAML,DO,6,0.0839397952026933,0.9199999999999999,0.7727272727272727,0.696969696969697,3379
ALLAML,HO,6,0.06420993126665725,0.9400000000000001,0.8181818181818182,0.7708333333333333,3429
ALLAML,DOHO,6,0.08396925234955822,0.9199999999999999,0.7727272727272727,0.696969696969697,3400
ALLAML,RL-DOHO,6,0.0642295693645672,0.9400000000000001,0.7727272727272727,0.696969696969697,3443
ALLAML,DO,7,0.14352495441155844,0.86,0.9090909090909091,0.9017857142857143,3511
ALLAML,HO,7,0.14354038434563052,0.86,0.9090909090909091,0.9017857142857143,3522
ALLAML,DOHO,7,0.14349409454341422,0.86,1.0,1.0,3489
ALLAML,RL-DOHO,7,0.1632744564455042,0.8400000000000001,0.9545454545454546,0.9520697167755992,3475
ALLAML,DO,8,0.16330391359236912,0.8400000000000001,0.9090909090909091,0.9017857142857143,3496
ALLAML,HO,8,0.14344780474119792,0.86,0.9545454545454546,0.9494252873563218,3456
ALLAML,DOHO,8,0.14345481834759422,0.8600000000000001,0.9545454545454546,0.9494252873563218,3461
ALLAML,RL-DOHO,8,0.16324079113480144,0.8400000000000001,0.9545454545454546,0.9494252873563218,3451
ALLAML,DO,9,0.14350952447748633,0.86,0.7727272727272727,0.696969696969697,3500
ALLAML,HO,9,0.12365201290503565,0.8800000000000001,0.7727272727272727,0.696969696969697,3459
ALLAML,DOHO,9,0.1435123299200449,0.86,0.7727272727272727,0.696969696969697,3502
ALLAML,RL-DOHO,9,0.1433580305793239,0.86,0.7727272727272727,0.696969696969697,3392
lung,DO,0,0.0329271376216653,0.9716748768472907,0.9180327868852459,0.8818390804597701,1618
lung,HO,0,0.039811368125460996,0.9645320197044336,0.9344262295081968,0.9106976744186047,1556
lung,DOHO,0,0.03273088158301795,0.9716748768472907,0.9180327868852459,0.8818390804597701,1553
lung,RL-DOHO,0,0.03985363865686196,0.9645320197044336,0.9180327868852459,0.8818390804597701,1570
lung,DO,1,0.053683208990742734,0.9504926108374384,0.9672131147540983,0.9105003523608175,1547
lung,HO,1,0.0606225101734846,0.9435960591133006,0.9672131147540983,0.9105003523608175,1584
lung,DOHO,1,0.053659054401370754,0.9504926108374384,0.9672131147540983,0.9105003523608175,1539
lung,RL-DOHO,1,0.053674151019728236,0.9504926108374384,0.9672131147540983,0.9105003523608175,1544
lung,DO,2,0.046855622783846064,0.9573891625615765,0.9344262295081968,0.9106976744186047,1547
lung,HO,2,0.046849584136503065,0.9573891625615765,0.9344262295081968,0.9106976744186047,1545
lung,DOHO,2,0.046852603460174565,0.9573891625615765,0.9344262295081968,0.9106976744186047,1546
lung,RL-DOHO,2,0.03997743092739336,0.9645320197044336,0.9508196721311475,0.9347593582887701,1611
lung,DO,3,0.04639511196782558,0.9578817733990148,0.9344262295081968,0.8575757575757577,1556
lung,HO,3,0.04633472549439562,0.9578817733990148,0.9344262295081968,0.8575757575757577,1536
lung,DOHO,3,0.04638907332048258,0.9578817733990148,0.9180327868852459,0.7220973782771536,1554
lung,RL-DOHO,3,0.04631660955236664,0.9578817733990148,0.9180327868852459,0.7220973782771536,1530
lung,DO,4,0.03318003795721177,0.9714285714285715,0.9344262295081968,0.848829944002358,1621
lung,HO,4,0.03321023119392674,0.9714285714285715,0.9344262295081968,0.8527080762374881,1631
lung,DOHO,4,0.03323136645962723,0.9714285714285715,0.9344262295081968,0.848829944002358,1638
lung,RL-DOHO,4,0.03321023119392674,0.9714285714285715,0.9508196721311475,0.8864367816091955,1631
lung,DO,5,0.03995629566169288,0.9645320197044336,0.9672131147540983,0.9588744588744589,1604
lung,HO,5,0.03294223424002278,0.9716748768472907,0.9672131147540983,0.9105003523608175,1623
lung,DOHO,5,0.04000158551676534,0.9645320197044336,0.9508196721311475,0.9412559328221979,1619
lung,RL-DOHO,5,0.039907986482948916,0.9645320197044336,0.9672131147540983,0.9588744588744589,1588
lung,DO,6,0.039597718997644096,0.9647783251231526,0.9672131147540983,0.9549447968052618,1566
lung,HO,6,0.032556483662930305,0.97192118226601,0.9836065573770492,0.9754248366013073,1576
lung,DOHO,6,0.039603757644987095,0.9647783251231526,0.9836065573770492,0.9754248366013073,1568
lung,RL-DOHO,6,0.039597718997644096,0.9647783251231526,0.9344262295081968,0.902020202020202,1566
lung,DO,7,0.06069497394160054,0.9435960591133006,0.9344262295081968,0.8575757575757577,1608
lung,HO,7,0.06054098843435416,0.9435960591133006,0.9344262295081968,0.8575757575757577,1557
lung,DOHO,7,0.053912677589776546,0.9504926108374384,0.9344262295081968,0.8575757575757577,1623
lung,RL-DOHO,7,0.053819078555960125,0.9504926108374384,0.9508196721311475,0.8864367816091955,1592
lung,DO,8,0.0391372081816235,0.9652709359605911,0.9016393442622951,0.8130303030303031,1575
lung,HO,8,0.0391311695342805,0.9652709359605911,0.9344262295081968,0.8658491895701198,1573
lung,DOHO,8,0.03891981687727567,0.9652709359605911,0.9180327868852459,0.8418390804597701,1503
lung,RL-DOHO,8,0.03899529996906311,0.9652709359605911,0.9344262295081968,0.9106976744186047,1528
lung,DO,9,0.04650984626734248,0.9578817733990148,0.9344262295081968,0.862020202020202,1594
lung,HO,9,0.046299216463196756,0.9581280788177342,0.9672131147540983,0.9064599483204134,1605
lung,DOHO,9,0.04653400085671446,0.9578817733990148,0.9344262295081968,0.8575757575757577,1602
lung,RL-DOHO,9,0.04657325206444393,0.9578817733990148,0.9508196721311475,0.8864367816091955,1615
GLIOMA,DO,0,0.25928500547715716,0.7428571428571428,0.8666666666666667,0.8388888888888889,2090
GLIOMA,HO,0,0.2592489206778788,0.7428571428571428,0.8666666666666667,0.8388888888888889,2074
GLIOMA,DOHO,0,0.2592489206778788,0.7428571428571428,0.8666666666666667,0.8388888888888889,2074
GLIOMA,RL-DOHO,0,0.25923087827823965,0.7428571428571428,0.8666666666666667,0.8388888888888889,2066
GLIOMA,DO,1,0.2593977704749017,0.7428571428571429,0.8666666666666667,0.8587301587301587,2140
GLIOMA,HO,1,0.2593391326760745,0.7428571428571429,0.8666666666666667,0.8587301587301587,2114
GLIOMA,DOHO,1,0.23109175848959337,0.7714285714285715,0.8666666666666667,0.8587301587301587,2131
GLIOMA,RL-DOHO,1,0.23101507829112697,0.7714285714285715,0.8666666666666667,0.8587301587301587,2097
GLIOMA,DO,2,0.31601430504542816,0.6857142857142857,0.9333333333333333,0.8888888888888888,2160
GLIOMA,HO,2,0.2876609317610672,0.7142857142857142,0.8666666666666667,0.8125,2130
GLIOMA,DOHO,2,0.3159646884464205,0.6857142857142857,0.9333333333333333,0.8888888888888888,2138
GLIOMA,RL-DOHO,2,0.2594699400734583,0.7428571428571429,0.9333333333333333,0.8888888888888888,2172
GLIOMA,DO,3,0.20261208840775818,0.8,0.8666666666666667,0.8333333333333333,2045
GLIOMA,HO,3,0.2027992783040144,0.8,0.9333333333333333,0.9142857142857143,2128
GLIOMA,DOHO,3,0.2027203428055931,0.8,0.8666666666666667,0.8333333333333333,2093
GLIOMA,RL-DOHO,3,0.2026504285069914,0.8,0.8666666666666667,0.8333333333333333,2062
GLIOMA,DO,4,0.2311188220890521,0.7714285714285715,0.9333333333333333,0.9415584415584416,2143
GLIOMA,HO,4,0.23109401378954827,0.7714285714285715,0.9333333333333333,0.9415584415584416,2132
GLIOMA,DOHO,4,0.23107597138990912,0.7714285714285715,0.8666666666666667,0.8790584415584416,2124
GLIOMA,RL-DOHO,4,0.25938423867517235,0.7428571428571429,0.8666666666666667,0.8875,2134
GLIOMA,DO,5,0.20285566080288675,0.8,0.8,0.8154761904761906,2153
GLIOMA,HO,5,0.2026729815065403,0.8,0.8,0.7689393939393939,2072
GLIOMA,DOHO,5,0.2027631935047361,0.8,0.8,0.8154761904761906,2112
GLIOMA,RL-DOHO,5,0.20274064050518714,0.8,0.8,0.8154761904761906,2102
GLIOMA,DO,6,0.23099703589148782,0.7714285714285715,0.7333333333333333,0.7476190476190475,2089
GLIOMA,HO,6,0.23094967459243504,0.7714285714285715,0.6,0.6083333333333333,2068
GLIOMA,DOHO,6,0.2310421418905857,0.7714285714285715,0.6666666666666666,0.6892857142857143,2109
GLIOMA,RL-DOHO,6,0.20286242670275142,0.8,0.6666666666666666,0.6666666666666666,2156
GLIOMA,DO,7,0.23110077968941306,0.7714285714285714,0.8,0.8017857142857143,2135
GLIOMA,HO,7,0.17459249951672137,0.8285714285714286,0.8,0.8017857142857143,2163
GLIOMA,DOHO,7,0.231123332688962,0.7714285714285714,0.8,0.8017857142857143,2145
GLIOMA,RL-DOHO,7,0.23105341839036028,0.7714285714285714,0.7333333333333333,0.7476190476190475,2114
GLIOMA,DO,8,0.2027609382047812,0.8,0.7333333333333333,0.7208333333333332,2111
GLIOMA,HO,8,0.20276995940460077,0.8,0.7333333333333333,0.7208333333333332,2115
GLIOMA,DOHO,8,0.20280378890392417,0.8,0.7333333333333333,0.7208333333333332,2130
GLIOMA,RL-DOHO,8,0.20270906630581864,0.8,0.6666666666666666,0.6303571428571428,2088
GLIOMA,DO,9,0.23095418519234473,0.7714285714285716,0.9333333333333333,0.8888888888888888,2070
GLIOMA,HO,9,0.23091810039306643,0.7714285714285716,0.9333333333333333,0.8888888888888888,2054
GLIOMA,DOHO,9,0.23098575939171323,0.7714285714285716,0.9333333333333333,0.8888888888888888,2084
GLIOMA,RL-DOHO,9,0.2309632063921643,0.7714285714285716,0.9333333333333333,0.8888888888888888,2074
