dataset,algo,fit_mean,fit_std,fit_worst,cv_acc,test_acc_mean,test_acc_std,test_f1,n_genes
colon,DO,0.17557550000000002,0.04760411580303629,0.23873000000000005,0.8275,0.7157894736842105,0.12205282197141114,0.6800299841476753,960.1
colon,HO,0.15765650000000003,0.04284182490731327,0.192015,0.8455555555555556,0.7578947368421052,0.11690057016812407,0.7351265662678707,951.3
colon,DOHO,0.16426400000000002,0.051161378706120815,0.21394500000000002,0.8388888888888889,0.7526315789473684,0.06102641098570557,0.7174936733958474,952.8
colon,RL-DOHO,0.16167050000000002,0.0415280871787062,0.21082500000000004,0.8413888888888887,0.7526315789473684,0.08612587865707773,0.728454356030443,929.1
ALLAML,DO,0.1375341759012484,0.02651834335887258,0.16330391359236912,0.866,0.8181818181818181,0.0772578714180725,0.7731258794968473,3474.8
ALLAML,HO,0.13157832515079249,0.02982960312598998,0.16335160611586472,0.8720000000000001,0.8454545454545455,0.07484296384986952,0.8099235826279763,3463.5
ALLAML,DOHO,0.13752758311123578,0.02810894553529895,0.1830912891008557,0.866,0.8409090909090908,0.09153822707268616,0.8002760606097647,3470.1
ALLAML,RL-DOHO,0.13947616215457984,0.037108554377308194,0.18305902651143213,0.8640000000000001,0.8363636363636363,0.0835396894066074,0.7954830322873246,3447.7
lung,DO,0.0438937162371195,0.008766238436432455,0.06069497394160054,0.9604926108374384,0.939344262295082,0.0219261231122829,0.8855888327123292,1583.6
lung,HO,0.04382985114585555,0.010431669800762886,0.0606225101734846,0.9605418719211822,0.9491803278688525,0.019626540979309236,0.8957989619439688,1578.6
lung,DOHO,0.043183481771019216,0.007522091102031539,0.053912677589776546,0.9611822660098521,0.939344262295082,0.0219261231122829,0.8747635794553494,1574.5
lung,RL-DOHO,0.04319253974203371,0.0067200863687515286,0.053819078555960125,0.9611822660098521,0.9442622950819672,0.017622421307756347,0.8880098849527365,1577.5
GLIOMA,DO,0.23670965912752107,0.034806374319021824,0.31601430504542816,0.7657142857142858,0.8466666666666667,0.07730012058189376,0.8336002886002886,2113.6
GLIOMA,HO,0.2282045492621947,0.033845865926007856,0.2876609317610672,0.7742857142857142,0.8333333333333334,0.10540925533894598,0.8154743867243868,2105.0
GLIOMA,DOHO,0.23388198981893163,0.03387239961698624,0.3159646884464205,0.7685714285714286,0.8333333333333334,0.08461970117626572,0.8215169552669552,2114.0
GLIOMA,RL-DOHO,0.22820793221212704,0.02478714396592003,0.2594699400734583,0.7742857142857142,0.82,0.09962894120648849,0.8056349206349205,2106.5
