dataset,algo,seed,fit,cv_acc,test_acc,test_plain_acc,test_f1,n_feats
all_N200,DO,0,0.12665000000000007,0.8766666666666666,0.7136363636363636,0.7096774193548387,0.6983783783783784,91
all_N200,HO,0,0.18655000000000002,0.8166666666666667,0.6886363636363637,0.6774193548387096,0.6688034188034189,101
all_N200,DOHO,0,0.11684999999999995,0.8866666666666667,0.7840909090909092,0.7741935483870968,0.7654054054054054,93
all_N200,RL-DOHO,0,0.11674999999999995,0.8866666666666667,0.7840909090909092,0.7741935483870968,0.7654054054054054,91
all_N200,DO,1,0.16424999999999998,0.8388888888888889,0.7931818181818182,0.8387096774193549,0.810281517747858,95
all_N200,HO,1,0.16010000000000005,0.8427777777777777,0.8181818181818181,0.8709677419354839,0.8434343434343434,89
all_N200,DOHO,1,0.17530000000000004,0.8277777777777777,0.8181818181818181,0.8709677419354839,0.8434343434343434,96
all_N200,RL-DOHO,1,0.18580000000000002,0.8166666666666667,0.7931818181818182,0.8387096774193549,0.810281517747858,86
all_N200,DO,2,0.11494999999999993,0.888888888888889,0.7681818181818182,0.8064516129032258,0.7785714285714285,99
all_N200,HO,2,0.08520000000000003,0.9188888888888889,0.6977272727272728,0.7419354838709677,0.7047619047619047,98
all_N200,DOHO,2,0.11484999999999992,0.888888888888889,0.6272727272727273,0.6774193548387096,0.6309523809523809,97
all_N200,RL-DOHO,2,0.1159,0.8877777777777778,0.6772727272727272,0.7419354838709677,0.6868686868686869,96
all_N200,DO,3,0.16574999999999993,0.8377777777777778,0.7431818181818182,0.7741935483870968,0.7479674796747967,103
all_N200,HO,3,0.13535000000000003,0.8677777777777778,0.7386363636363636,0.7419354838709677,0.7280701754385965,89
all_N200,DOHO,3,0.16569999999999993,0.8377777777777778,0.7431818181818182,0.7741935483870968,0.7479674796747967,102
all_N200,RL-DOHO,3,0.13520000000000001,0.8677777777777778,0.7636363636363637,0.7741935483870968,0.758082497212932,86
all_N200,DO,4,0.14234999999999995,0.8616666666666667,0.7681818181818182,0.8064516129032258,0.7785714285714285,108
all_N200,HO,4,0.18619999999999992,0.8166666666666668,0.7886363636363636,0.8064516129032258,0.7886363636363636,94
all_N200,DOHO,4,0.15354999999999994,0.8505555555555556,0.8590909090909091,0.8709677419354839,0.8590909090909091,112
all_N200,RL-DOHO,4,0.12875,0.875,0.9090909090909092,0.9354838709677419,0.9261904761904762,100
all_N200,DO,5,0.10510000000000004,0.8988888888888888,0.7227272727272727,0.7741935483870968,0.7343941248470012,100
all_N200,HO,5,0.11560000000000001,0.8877777777777778,0.6772727272727272,0.7419354838709677,0.6868686868686869,90
all_N200,DOHO,5,0.12475000000000006,0.8788888888888888,0.6772727272727272,0.7419354838709677,0.6868686868686869,97
all_N200,RL-DOHO,5,0.10559999999999999,0.8977777777777778,0.7022727272727273,0.7741935483870968,0.7163398692810458,88
all_N200,DO,6,0.12185000000000006,0.8816666666666666,0.6477272727272727,0.6774193548387096,0.6477272727272727,94
all_N200,HO,6,0.1111000000000001,0.8927777777777777,0.8136363636363637,0.8387096774193549,0.8199767711962833,99
all_N200,DOHO,6,0.10629999999999998,0.8977777777777778,0.7181818181818183,0.7419354838709677,0.7181818181818183,102
all_N200,RL-DOHO,6,0.09930000000000015,0.9038888888888887,0.7636363636363637,0.7741935483870968,0.758082497212932,83
all_N200,DO,7,0.14275000000000015,0.8605555555555554,0.8340909090909091,0.8387096774193549,0.8272017837235228,94
all_N200,HO,7,0.11964999999999996,0.8844444444444445,0.759090909090909,0.7419354838709677,0.7350427350427351,105
all_N200,DOHO,7,0.13864999999999988,0.8644444444444446,0.8295454545454546,0.8064516129032258,0.8012820512820513,89
all_N200,RL-DOHO,7,0.12634999999999996,0.8766666666666667,0.7681818181818182,0.8064516129032258,0.7785714285714285,85
all_N200,DO,8,0.13755000000000003,0.8655555555555555,0.8090909090909091,0.8064516129032258,0.7960526315789473,89
all_N200,HO,8,0.19244999999999995,0.8105555555555556,0.8386363636363636,0.8709677419354839,0.8523809523809525,98
all_N200,DOHO,8,0.1367000000000001,0.8666666666666666,0.8340909090909091,0.8387096774193549,0.8272017837235228,94
all_N200,RL-DOHO,8,0.10495000000000004,0.8988888888888888,0.8545454545454545,0.8387096774193549,0.8324324324324325,97
all_N200,DO,9,0.14760000000000004,0.8555555555555555,0.8590909090909091,0.8709677419354839,0.8590909090909091,92
all_N200,HO,9,0.13674999999999987,0.8666666666666668,0.9045454545454545,0.9032258064516129,0.8963210702341138,95
all_N200,DOHO,9,0.13770000000000002,0.8655555555555555,0.884090909090909,0.9032258064516129,0.89198606271777,92
all_N200,RL-DOHO,9,0.10529999999999999,0.8977777777777778,0.8590909090909091,0.8709677419354839,0.8590909090909091,82
all_N500,DO,0,0.14777999999999983,0.8555555555555557,0.8295454545454546,0.8064516129032258,0.8012820512820513,239
all_N500,HO,0,0.15629999999999977,0.8466666666666669,0.8295454545454546,0.8064516129032258,0.8012820512820513,225
all_N500,DOHO,0,0.15629999999999977,0.8466666666666669,0.8295454545454546,0.8064516129032258,0.8012820512820513,225
all_N500,RL-DOHO,0,0.13746000000000003,0.8655555555555555,0.7840909090909092,0.7741935483870968,0.7654054054054054,218
all_N500,DO,1,0.1497700000000001,0.8538888888888888,0.7727272727272727,0.8387096774193549,0.7973856209150327,256
all_N500,HO,1,0.1909299999999999,0.8116666666666668,0.8181818181818181,0.8709677419354839,0.8434343434343434,224
all_N500,DOHO,1,0.14092999999999992,0.8627777777777779,0.8181818181818181,0.8709677419354839,0.8434343434343434,254
all_N500,RL-DOHO,1,0.19364,0.8088888888888889,0.7272727272727273,0.8064516129032258,0.7472826086956521,222
all_N500,DO,2,0.14060000000000006,0.8633333333333333,0.8386363636363636,0.8709677419354839,0.8523809523809525,265
all_N500,HO,2,0.12043999999999992,0.8833333333333334,0.7431818181818182,0.7741935483870968,0.7479674796747967,247
all_N500,DOHO,2,0.13069999999999993,0.8733333333333334,0.7931818181818182,0.8387096774193549,0.810281517747858,265
all_N500,RL-DOHO,2,0.13988000000000006,0.8633333333333333,0.6977272727272728,0.7419354838709677,0.7047619047619047,229
all_N500,DO,3,0.13578,0.8677777777777778,0.8045454545454545,0.7741935483870968,0.7703703703703704,244
all_N500,HO,3,0.14434000000000008,0.8588888888888888,0.7340909090909091,0.7096774193548387,0.7047619047619047,232
all_N500,DOHO,3,0.14446000000000006,0.8588888888888888,0.8045454545454545,0.7741935483870968,0.7703703703703704,238
all_N500,RL-DOHO,3,0.13651999999999986,0.8666666666666668,0.6931818181818181,0.7096774193548387,0.6889632107023411,226
all_N500,DO,4,0.13928999999999994,0.8638888888888889,0.7636363636363637,0.7741935483870968,0.758082497212932,227
all_N500,HO,4,0.1503899999999999,0.8527777777777779,0.7886363636363636,0.8064516129032258,0.7886363636363636,232
all_N500,DOHO,4,0.15924999999999986,0.843888888888889,0.7886363636363636,0.8064516129032258,0.7886363636363636,235
all_N500,RL-DOHO,4,0.16377999999999998,0.8388888888888889,0.7636363636363637,0.7741935483870968,0.758082497212932,214
all_N500,DO,5,0.11705999999999996,0.8866666666666667,0.7022727272727273,0.7741935483870968,0.7163398692810458,243
all_N500,HO,5,0.09661999999999998,0.9077777777777778,0.7477272727272727,0.8064516129032258,0.7651515151515151,266
all_N500,DOHO,5,0.14604000000000003,0.8577777777777778,0.7477272727272727,0.8064516129032258,0.7651515151515151,262
all_N500,RL-DOHO,5,0.12219000000000006,0.8816666666666666,0.7636363636363637,0.7741935483870968,0.758082497212932,252
all_N500,DO,6,0.08215000000000004,0.9216666666666666,0.7886363636363636,0.8064516129032258,0.7886363636363636,230
all_N500,HO,6,0.09124999999999998,0.9127777777777778,0.7727272727272727,0.8387096774193549,0.7973856209150327,245
all_N500,DOHO,6,0.07115000000000007,0.9327777777777777,0.8136363636363637,0.8387096774193549,0.8199767711962833,230
all_N500,RL-DOHO,6,0.07101000000000007,0.9327777777777777,0.8340909090909091,0.8387096774193549,0.8272017837235228,223
all_N500,DO,7,0.13887999999999986,0.8644444444444446,0.8090909090909091,0.8064516129032258,0.7960526315789473,234
all_N500,HO,7,0.1180999999999999,0.8855555555555557,0.8590909090909091,0.8709677419354839,0.8590909090909091,240
all_N500,DOHO,7,0.1278999999999999,0.8755555555555556,0.7840909090909092,0.7741935483870968,0.7654054054054054,235
all_N500,RL-DOHO,7,0.09898000000000005,0.9044444444444444,0.8090909090909091,0.8064516129032258,0.7960526315789473,219
all_N500,DO,8,0.18030999999999994,0.8227777777777778,0.8590909090909091,0.8709677419354839,0.8590909090909091,243
all_N500,HO,8,0.2022300000000001,0.8005555555555555,0.9045454545454545,0.9032258064516129,0.8963210702341138,239
all_N500,DOHO,8,0.1912299999999999,0.8116666666666668,0.884090909090909,0.9032258064516129,0.89198606271777,239
all_N500,RL-DOHO,8,0.1909699999999999,0.8116666666666668,0.7431818181818182,0.7741935483870968,0.7479674796747967,226
all_N500,DO,9,0.09627999999999998,0.9077777777777778,0.7931818181818182,0.8387096774193549,0.810281517747858,249
all_N500,HO,9,0.1182599999999999,0.8855555555555557,0.8636363636363636,0.9032258064516129,0.8861689106487147,248
all_N500,DOHO,9,0.09621999999999997,0.9077777777777778,0.8181818181818181,0.8709677419354839,0.8434343434343434,246
all_N500,RL-DOHO,9,0.10687999999999995,0.8966666666666667,0.8386363636363636,0.8709677419354839,0.8523809523809525,229
all_N1000,DO,0,0.12818999999999992,0.8755555555555556,0.7840909090909092,0.7741935483870968,0.7654054054054054,499
all_N1000,HO,0,0.1292900000000001,0.8744444444444444,0.8295454545454546,0.8064516129032258,0.8012820512820513,499
all_N1000,DOHO,0,0.1292000000000001,0.8744444444444444,0.875,0.8387096774193549,0.8359788359788359,490
all_N1000,RL-DOHO,0,0.13778,0.8655555555555555,0.875,0.8387096774193549,0.8359788359788359,468
all_N1000,DO,1,0.1505999999999999,0.8527777777777779,0.8181818181818181,0.8709677419354839,0.8434343434343434,485
all_N1000,HO,1,0.15033000000000013,0.8527777777777776,0.9545454545454546,0.967741935483871,0.9639953542392566,458
all_N1000,DOHO,1,0.14941000000000007,0.8538888888888888,0.8181818181818181,0.8709677419354839,0.8434343434343434,476
all_N1000,RL-DOHO,1,0.15522000000000002,0.8477777777777777,0.8636363636363636,0.9032258064516129,0.8861689106487147,452
all_N1000,DO,2,0.13572,0.8677777777777778,0.7681818181818182,0.8064516129032258,0.7785714285714285,482
all_N1000,HO,2,0.13573000000000002,0.8677777777777778,0.8136363636363637,0.8387096774193549,0.8199767711962833,483
all_N1000,DOHO,2,0.14689999999999998,0.8566666666666667,0.7886363636363636,0.8064516129032258,0.7886363636363636,500
all_N1000,RL-DOHO,2,0.15531000000000003,0.8477777777777777,0.7931818181818182,0.8387096774193549,0.810281517747858,461
all_N1000,DO,3,0.15547000000000002,0.8477777777777777,0.8795454545454545,0.8709677419354839,0.8640350877192983,477
all_N1000,HO,3,0.14770000000000005,0.8555555555555555,0.8045454545454545,0.7741935483870968,0.7703703703703704,470
all_N1000,DOHO,3,0.1368700000000001,0.8666666666666666,0.7840909090909092,0.7741935483870968,0.7654054054054054,487
all_N1000,RL-DOHO,3,0.12664000000000006,0.8766666666666666,0.8795454545454545,0.8709677419354839,0.8640350877192983,454
all_N1000,DO,4,0.1405899999999999,0.8627777777777779,0.8340909090909091,0.8387096774193549,0.8272017837235228,474
all_N1000,HO,4,0.16279000000000005,0.8405555555555555,0.8340909090909091,0.8387096774193549,0.8272017837235228,494
all_N1000,DOHO,4,0.1615800000000001,0.8416666666666666,0.8090909090909091,0.8064516129032258,0.7960526315789473,483
all_N1000,RL-DOHO,4,0.1306,0.8727777777777778,0.8340909090909091,0.8387096774193549,0.8272017837235228,465
all_N1000,DO,5,0.09724999999999984,0.9066666666666668,0.6977272727272728,0.7419354838709677,0.7047619047619047,485
all_N1000,HO,5,0.11190999999999983,0.8916666666666668,0.7681818181818182,0.8064516129032258,0.7785714285714285,466
all_N1000,DOHO,5,0.09712999999999983,0.9066666666666668,0.7886363636363636,0.8064516129032258,0.7886363636363636,473
all_N1000,RL-DOHO,5,0.09607999999999998,0.9077777777777778,0.7931818181818182,0.8387096774193549,0.810281517747858,478
all_N1000,DO,6,0.07143000000000006,0.9327777777777777,0.8090909090909091,0.8064516129032258,0.7960526315789473,488
all_N1000,HO,6,0.07134000000000007,0.9327777777777777,0.8590909090909091,0.8709677419354839,0.8590909090909091,479
all_N1000,DOHO,6,0.07152000000000007,0.9327777777777777,0.8590909090909091,0.8709677419354839,0.8590909090909091,497
all_N1000,RL-DOHO,6,0.09305,0.9105555555555556,0.8590909090909091,0.8709677419354839,0.8590909090909091,450
all_N1000,DO,7,0.12891000000000008,0.8744444444444444,0.8545454545454545,0.8387096774193549,0.8324324324324325,461
all_N1000,HO,7,0.10698999999999995,0.8966666666666667,0.8090909090909091,0.8064516129032258,0.7960526315789473,469
all_N1000,DOHO,7,0.10926999999999995,0.8944444444444445,0.8545454545454545,0.8387096774193549,0.8324324324324325,477
all_N1000,RL-DOHO,7,0.10906999999999996,0.8944444444444445,0.8545454545454545,0.8387096774193549,0.8324324324324325,457
all_N1000,DO,8,0.15587000000000004,0.8477777777777777,0.8795454545454545,0.8709677419354839,0.8640350877192983,517
all_N1000,HO,8,0.16652999999999998,0.8366666666666667,0.9045454545454545,0.9032258064516129,0.8963210702341138,483
all_N1000,DOHO,8,0.17544999999999994,0.8277777777777778,0.8795454545454545,0.8709677419354839,0.8640350877192983,495
all_N1000,RL-DOHO,8,0.18605000000000002,0.8166666666666667,0.9045454545454545,0.9032258064516129,0.8963210702341138,455
all_N1000,DO,9,0.10933999999999995,0.8944444444444445,0.8386363636363636,0.8709677419354839,0.8523809523809525,484
all_N1000,HO,9,0.10923999999999995,0.8944444444444445,0.8636363636363636,0.9032258064516129,0.8861689106487147,474
all_N1000,DOHO,9,0.10916999999999995,0.8944444444444445,0.8636363636363636,0.9032258064516129,0.8861689106487147,467
all_N1000,RL-DOHO,9,0.10920999999999996,0.8944444444444445,0.8386363636363636,0.8709677419354839,0.8523809523809525,471
all_N2000,DO,0,0.10604499999999978,0.897777777777778,0.85,0.8064516129032258,0.8046218487394958,969
all_N2000,HO,0,0.11698499999999995,0.8866666666666667,0.8045454545454545,0.7741935483870968,0.7703703703703704,957
all_N2000,DOHO,0,0.10612499999999978,0.897777777777778,0.8045454545454545,0.7741935483870968,0.7703703703703704,985
all_N2000,RL-DOHO,0,0.11699999999999995,0.8866666666666667,0.8295454545454546,0.8064516129032258,0.8012820512820513,960
all_N2000,DO,1,0.1615950000000001,0.8416666666666666,0.8181818181818181,0.8709677419354839,0.8434343434343434,969
all_N2000,HO,1,0.13175999999999996,0.8716666666666667,0.9090909090909092,0.9354838709677419,0.9261904761904762,942
all_N2000,DOHO,1,0.14174999999999996,0.8616666666666667,0.8636363636363636,0.9032258064516129,0.8861689106487147,960
all_N2000,RL-DOHO,1,0.13195499999999996,0.8716666666666667,0.8181818181818181,0.8709677419354839,0.8434343434343434,981
all_N2000,DO,2,0.11904500000000007,0.8844444444444444,0.7931818181818182,0.8387096774193549,0.810281517747858,929
all_N2000,HO,2,0.13788000000000003,0.8655555555555555,0.7931818181818182,0.8387096774193549,0.810281517747858,956
all_N2000,DOHO,2,0.09712000000000005,0.9066666666666666,0.7931818181818182,0.8387096774193549,0.810281517747858,944
all_N2000,RL-DOHO,2,0.1278649999999999,0.8755555555555556,0.7931818181818182,0.8387096774193549,0.810281517747858,933
all_N2000,DO,3,0.12813500000000014,0.8755555555555554,0.8295454545454546,0.8064516129032258,0.8012820512820513,987
all_N2000,HO,3,0.13680999999999988,0.8666666666666668,0.8545454545454545,0.8387096774193549,0.8324324324324325,962
all_N2000,DOHO,3,0.14768000000000003,0.8555555555555555,0.8340909090909091,0.8387096774193549,0.8272017837235228,936
all_N2000,RL-DOHO,3,0.12677499999999997,0.8766666666666667,0.7840909090909092,0.7741935483870968,0.7654054054054054,935
all_N2000,DO,4,0.17360000000000003,0.8294444444444444,0.8340909090909091,0.8387096774193549,0.8272017837235228,950
all_N2000,HO,4,0.16054000000000004,0.8427777777777777,0.8795454545454545,0.8709677419354839,0.8640350877192983,978
all_N2000,DOHO,4,0.184685,0.8183333333333334,0.8340909090909091,0.8387096774193549,0.8272017837235228,967
all_N2000,RL-DOHO,4,0.17478499999999997,0.8283333333333334,0.8340909090909091,0.8387096774193549,0.8272017837235228,967
all_N2000,DO,5,0.1179599999999999,0.8855555555555557,0.8590909090909091,0.8709677419354839,0.8590909090909091,932
all_N2000,HO,5,0.08730499999999992,0.9166666666666667,0.8340909090909091,0.8387096774193549,0.8272017837235228,961
all_N2000,DOHO,5,0.09829499999999988,0.9055555555555557,0.8340909090909091,0.8387096774193549,0.8272017837235228,959
all_N2000,RL-DOHO,5,0.13674000000000008,0.8666666666666666,0.8340909090909091,0.8387096774193549,0.8272017837235228,948
all_N2000,DO,6,0.08129499999999998,0.9227777777777778,0.884090909090909,0.9032258064516129,0.89198606271777,969
all_N2000,HO,6,0.08228500000000004,0.9216666666666666,0.8136363636363637,0.8387096774193549,0.8199767711962833,947
all_N2000,DOHO,6,0.07147500000000007,0.9327777777777777,0.8590909090909091,0.8709677419354839,0.8590909090909091,985
all_N2000,RL-DOHO,6,0.07134000000000007,0.9327777777777777,0.884090909090909,0.9032258064516129,0.89198606271777,958
all_N2000,DO,7,0.13793500000000003,0.8655555555555555,0.8795454545454545,0.8709677419354839,0.8640350877192983,967
all_N2000,HO,7,0.13813000000000003,0.8655555555555555,0.8340909090909091,0.8387096774193549,0.8272017837235228,1006
all_N2000,DOHO,7,0.15760500000000013,0.8455555555555554,0.8545454545454545,0.8387096774193549,0.8324324324324325,941
all_N2000,RL-DOHO,7,0.13795500000000002,0.8655555555555555,0.8795454545454545,0.8709677419354839,0.8640350877192983,971
all_N2000,DO,8,0.12690000000000007,0.8766666666666666,0.8795454545454545,0.8709677419354839,0.8640350877192983,960
all_N2000,HO,8,0.1358999999999999,0.8677777777777779,0.9045454545454545,0.9032258064516129,0.8963210702341138,1000
all_N2000,DOHO,8,0.1181849999999999,0.8855555555555557,0.9045454545454545,0.9032258064516129,0.8963210702341138,977
all_N2000,RL-DOHO,8,0.12688499999999997,0.8766666666666667,0.9045454545454545,0.9032258064516129,0.8963210702341138,957
all_N2000,DO,9,0.098465,0.9055555555555556,0.8386363636363636,0.8709677419354839,0.8523809523809525,993
all_N2000,HO,9,0.10822000000000001,0.8955555555555555,0.9545454545454546,0.967741935483871,0.9639953542392566,964
all_N2000,DOHO,9,0.12042500000000014,0.8833333333333332,0.884090909090909,0.9032258064516129,0.89198606271777,985
all_N2000,RL-DOHO,9,0.09829,0.9055555555555556,0.9090909090909092,0.9354838709677419,0.9261904761904762,958
all_N5000,DO,0,0.1279759999999999,0.8755555555555556,0.875,0.8387096774193549,0.8359788359788359,2388
all_N5000,HO,0,0.11702399999999995,0.8866666666666667,0.8295454545454546,0.8064516129032258,0.8012820512820513,2412
all_N5000,DOHO,0,0.11712399999999995,0.8866666666666667,0.875,0.8387096774193549,0.8359788359788359,2462
all_N5000,RL-DOHO,0,0.11705399999999995,0.8866666666666667,0.875,0.8387096774193549,0.8359788359788359,2427
all_N5000,DO,1,0.14183799999999996,0.8616666666666667,0.9090909090909092,0.9354838709677419,0.9261904761904762,2444
all_N5000,HO,1,0.15294800000000006,0.8505555555555555,0.8181818181818181,0.8709677419354839,0.8434343434343434,2499
all_N5000,DOHO,1,0.13312800000000002,0.8705555555555555,0.8636363636363636,0.9032258064516129,0.8861689106487147,2489
all_N5000,RL-DOHO,1,0.15278399999999995,0.8505555555555556,0.8636363636363636,0.9032258064516129,0.8861689106487147,2417
all_N5000,DO,2,0.08859800000000011,0.9155555555555555,0.7681818181818182,0.8064516129032258,0.7785714285714285,2499
all_N5000,HO,2,0.08742799999999992,0.9166666666666667,0.8386363636363636,0.8709677419354839,0.8523809523809525,2464
all_N5000,DOHO,2,0.0885360000000001,0.9155555555555555,0.7681818181818182,0.8064516129032258,0.7785714285714285,2468
all_N5000,RL-DOHO,2,0.0885100000000001,0.9155555555555555,0.7681818181818182,0.8064516129032258,0.7785714285714285,2455
all_N5000,DO,3,0.11809400000000012,0.8855555555555554,0.9,0.8709677419354839,0.8675213675213675,2397
all_N5000,HO,3,0.12706799999999996,0.8766666666666667,0.925,0.9032258064516129,0.8994594594594595,2484
all_N5000,DOHO,3,0.11814400000000012,0.8855555555555554,0.9,0.8709677419354839,0.8675213675213675,2422
all_N5000,RL-DOHO,3,0.10717999999999994,0.8966666666666667,0.875,0.8387096774193549,0.8359788359788359,2440
all_N5000,DO,4,0.16485200000000008,0.8383333333333333,0.8340909090909091,0.8387096774193549,0.8272017837235228,2401
all_N5000,HO,4,0.16501200000000008,0.8383333333333333,0.8340909090909091,0.8387096774193549,0.8272017837235228,2481
all_N5000,DOHO,4,0.16491000000000008,0.8383333333333333,0.8340909090909091,0.8387096774193549,0.8272017837235228,2430
all_N5000,RL-DOHO,4,0.1539580000000001,0.8494444444444443,0.8340909090909091,0.8387096774193549,0.8272017837235228,2454
all_N5000,DO,5,0.14800400000000005,0.8555555555555555,0.8795454545454545,0.8709677419354839,0.8640350877192983,2502
all_N5000,HO,5,0.11944199999999996,0.8844444444444445,0.8545454545454545,0.8387096774193549,0.8324324324324325,2521
all_N5000,DOHO,5,0.1183659999999999,0.8855555555555557,0.8545454545454545,0.8387096774193549,0.8324324324324325,2533
all_N5000,RL-DOHO,5,0.13790600000000003,0.8655555555555555,0.9045454545454545,0.9032258064516129,0.8963210702341138,2403
all_N5000,DO,6,0.08244400000000003,0.9216666666666666,0.884090909090909,0.9032258064516129,0.89198606271777,2447
all_N5000,HO,6,0.09336599999999999,0.9105555555555556,0.884090909090909,0.9032258064516129,0.89198606271777,2408
all_N5000,DOHO,6,0.08243800000000004,0.9216666666666666,0.9295454545454545,0.9354838709677419,0.9295454545454545,2444
all_N5000,RL-DOHO,6,0.08243000000000003,0.9216666666666666,0.9295454545454545,0.9354838709677419,0.9295454545454545,2440
all_N5000,DO,7,0.12924600000000008,0.8744444444444444,0.8795454545454545,0.8709677419354839,0.8640350877192983,2473
all_N5000,HO,7,0.15989799999999996,0.8433333333333334,0.8795454545454545,0.8709677419354839,0.8640350877192983,2399
all_N5000,DOHO,7,0.12916000000000008,0.8744444444444444,0.8795454545454545,0.8709677419354839,0.8640350877192983,2430
all_N5000,RL-DOHO,7,0.14011400000000007,0.8633333333333333,0.8795454545454545,0.8709677419354839,0.8640350877192983,2407
all_N5000,DO,8,0.14675799999999997,0.8566666666666667,0.9045454545454545,0.9032258064516129,0.8963210702341138,2429
all_N5000,HO,8,0.14666399999999996,0.8566666666666667,0.9045454545454545,0.9032258064516129,0.8963210702341138,2382
all_N5000,DOHO,8,0.14674599999999996,0.8566666666666667,0.9045454545454545,0.9032258064516129,0.8963210702341138,2423
all_N5000,RL-DOHO,8,0.14668799999999999,0.8566666666666667,0.9045454545454545,0.9032258064516129,0.8963210702341138,2394
all_N5000,DO,9,0.1280039999999999,0.8755555555555556,0.884090909090909,0.9032258064516129,0.89198606271777,2402
all_N5000,HO,9,0.13029600000000005,0.8733333333333333,0.8636363636363636,0.9032258064516129,0.8861689106487147,2448
all_N5000,DOHO,9,0.1281519999999999,0.8755555555555556,0.8636363636363636,0.9032258064516129,0.8861689106487147,2476
all_N5000,RL-DOHO,9,0.1281519999999999,0.8755555555555556,0.8386363636363636,0.8709677419354839,0.8523809523809525,2476
b1_N200,DO,0,0.1473999999999999,0.8550000000000001,0.7777777777777778,0.7777777777777778,0.7662337662337663,77
b1_N200,HO,0,0.143,0.86,0.8333333333333333,0.8333333333333334,0.8328173374613003,88
b1_N200,DOHO,0,0.1282,0.875,0.9444444444444444,0.9444444444444444,0.9442724458204335,89
b1_N200,RL-DOHO,0,0.12274999999999987,0.8800000000000001,0.7222222222222222,0.7222222222222222,0.7142857142857142,79
b1_N200,DO,1,0.09859999999999997,0.905,0.7777777777777777,0.7777777777777778,0.775,91
b1_N200,HO,1,0.07359999999999994,0.93,0.7777777777777777,0.7777777777777778,0.775,86
b1_N200,DOHO,1,0.11795,0.885,0.7222222222222222,0.7222222222222222,0.7142857142857142,82
b1_N200,RL-DOHO,1,0.05310000000000004,0.95,0.7222222222222222,0.7222222222222222,0.7213622291021672,72
b1_N200,DO,2,0.07384999999999994,0.93,0.7777777777777778,0.7777777777777778,0.7777777777777778,91
b1_N200,HO,2,0.07404999999999995,0.93,0.7777777777777778,0.7777777777777778,0.7777777777777778,95
b1_N200,DOHO,2,0.07379999999999995,0.93,0.7777777777777778,0.7777777777777778,0.7777777777777778,90
b1_N200,RL-DOHO,2,0.09849999999999996,0.905,0.7777777777777778,0.7777777777777778,0.7777777777777778,89
b1_N200,DO,3,0.15320000000000003,0.85,0.8888888888888888,0.8888888888888888,0.8875,94
b1_N200,HO,3,0.10389999999999998,0.9,0.8333333333333333,0.8333333333333334,0.8285714285714285,98
b1_N200,DOHO,3,0.07849999999999996,0.925,0.8888888888888888,0.8888888888888888,0.8875,85
b1_N200,RL-DOHO,3,0.12309999999999988,0.8800000000000001,0.8888888888888888,0.8888888888888888,0.8875,86
b1_N200,DO,4,0.1388,0.865,0.8333333333333333,0.8333333333333334,0.8328173374613003,103
b1_N200,HO,4,0.11835,0.885,0.7777777777777778,0.7777777777777778,0.7777777777777778,90
b1_N200,DOHO,4,0.13775,0.865,0.8333333333333333,0.8333333333333334,0.8328173374613003,82
b1_N200,RL-DOHO,4,0.13815000000000002,0.865,0.7222222222222222,0.7222222222222222,0.7213622291021672,90
b1_N200,DO,5,0.12289999999999988,0.8800000000000001,0.6666666666666666,0.6666666666666666,0.6666666666666666,82
b1_N200,HO,5,0.12304999999999988,0.8800000000000001,0.7777777777777778,0.7777777777777778,0.7777777777777778,85
b1_N200,DOHO,5,0.07354999999999995,0.93,0.8888888888888888,0.8888888888888888,0.8888888888888888,85
b1_N200,RL-DOHO,5,0.12289999999999988,0.8800000000000001,0.7222222222222222,0.7222222222222222,0.7213622291021672,82
b1_N200,DO,6,0.13790000000000002,0.865,0.8333333333333333,0.8333333333333334,0.8285714285714285,85
b1_N200,HO,6,0.06895000000000007,0.9349999999999999,0.8333333333333333,0.8333333333333334,0.8285714285714285,92
b1_N200,DOHO,6,0.11319999999999998,0.89,0.8333333333333333,0.8333333333333334,0.8328173374613003,86
b1_N200,RL-DOHO,6,0.11304999999999998,0.89,0.8333333333333333,0.8333333333333334,0.8285714285714285,83
b1_N200,DO,7,0.09879999999999997,0.905,0.8333333333333333,0.8333333333333334,0.8328173374613003,95
b1_N200,HO,7,0.1185,0.885,0.8333333333333333,0.8333333333333334,0.8328173374613003,93
b1_N200,DOHO,7,0.1378,0.865,0.8333333333333333,0.8333333333333334,0.8328173374613003,83
b1_N200,RL-DOHO,7,0.1378,0.865,0.8333333333333333,0.8333333333333334,0.8328173374613003,83
b1_N200,DO,8,0.06940000000000006,0.9349999999999999,0.7777777777777778,0.7777777777777778,0.7662337662337663,101
b1_N200,HO,8,0.06875000000000006,0.9349999999999999,0.7777777777777778,0.7777777777777778,0.7662337662337663,88
b1_N200,DOHO,8,0.08889999999999997,0.915,0.7222222222222222,0.7222222222222222,0.6989966555183946,95
b1_N200,RL-DOHO,8,0.06855000000000006,0.9349999999999999,0.6666666666666667,0.6666666666666666,0.6625,84
b1_N200,DO,9,0.09824999999999996,0.905,0.8333333333333333,0.8333333333333334,0.8328173374613003,84
b1_N200,HO,9,0.07369999999999995,0.93,0.8333333333333333,0.8333333333333334,0.8328173374613003,88
b1_N200,DOHO,9,0.09854999999999997,0.905,0.8333333333333333,0.8333333333333334,0.8328173374613003,90
b1_N200,RL-DOHO,9,0.11804999999999999,0.885,0.8333333333333333,0.8333333333333334,0.8328173374613003,84
b1_N500,DO,0,0.14302,0.86,0.8333333333333333,0.8333333333333334,0.8285714285714285,221
b1_N500,HO,0,0.16789,0.835,0.7777777777777778,0.7777777777777778,0.7662337662337663,227
b1_N500,DOHO,0,0.14328,0.86,0.8333333333333333,0.8333333333333334,0.8285714285714285,234
b1_N500,RL-DOHO,0,0.1435,0.86,0.8333333333333333,0.8333333333333334,0.8285714285714285,245
b1_N500,DO,1,0.10359999999999998,0.9,0.7222222222222222,0.7222222222222222,0.7213622291021672,230
b1_N500,HO,1,0.10341999999999998,0.9,0.7777777777777777,0.7777777777777778,0.775,221
b1_N500,DOHO,1,0.12811,0.875,0.7777777777777777,0.7777777777777778,0.775,218
b1_N500,RL-DOHO,1,0.10349999999999998,0.9,0.7222222222222222,0.7222222222222222,0.7213622291021672,225
b1_N500,DO,2,0.12329999999999988,0.8800000000000001,0.8333333333333333,0.8333333333333334,0.8328173374613003,225
b1_N500,HO,2,0.14780999999999989,0.8550000000000001,0.8333333333333333,0.8333333333333334,0.8285714285714285,213
b1_N500,DOHO,2,0.14780999999999989,0.8550000000000001,0.7777777777777778,0.7777777777777778,0.7777777777777778,213
b1_N500,RL-DOHO,2,0.1477699999999999,0.8550000000000001,0.8333333333333333,0.8333333333333334,0.8328173374613003,211
b1_N500,DO,3,0.15302000000000002,0.85,0.8888888888888888,0.8888888888888888,0.8875,226
b1_N500,HO,3,0.12825,0.875,0.8888888888888888,0.8888888888888888,0.8875,225
b1_N500,DOHO,3,0.15280000000000002,0.85,0.8888888888888888,0.8888888888888888,0.8875,215
b1_N500,RL-DOHO,3,0.12841,0.875,0.8888888888888888,0.8888888888888888,0.8875,233
b1_N500,DO,4,0.16327999999999993,0.8400000000000001,0.8333333333333333,0.8333333333333334,0.8328173374613003,244
b1_N500,HO,4,0.14286,0.86,0.7777777777777778,0.7777777777777778,0.7777777777777778,213
b1_N500,DOHO,4,0.14318,0.86,0.8333333333333333,0.8333333333333334,0.8328173374613003,229
b1_N500,RL-DOHO,4,0.14314,0.86,0.8333333333333333,0.8333333333333334,0.8328173374613003,227
b1_N500,DO,5,0.1481299999999999,0.8550000000000001,0.8333333333333333,0.8333333333333334,0.8328173374613003,229
b1_N500,HO,5,0.10351999999999997,0.9,0.7777777777777778,0.7777777777777778,0.7777777777777778,226
b1_N500,DOHO,5,0.12353999999999987,0.8800000000000001,0.8333333333333333,0.8333333333333334,0.8328173374613003,237
b1_N500,RL-DOHO,5,0.1476899999999999,0.8550000000000001,0.9444444444444444,0.9444444444444444,0.9442724458204335,207
b1_N500,DO,6,0.11337999999999998,0.89,0.8333333333333333,0.8333333333333334,0.8285714285714285,224
b1_N500,HO,6,0.13791000000000003,0.865,0.8333333333333333,0.8333333333333334,0.8285714285714285,213
b1_N500,DOHO,6,0.11365999999999998,0.89,0.8333333333333333,0.8333333333333334,0.8285714285714285,238
b1_N500,RL-DOHO,6,0.11313999999999998,0.89,0.8333333333333333,0.8333333333333334,0.8285714285714285,212
b1_N500,DO,7,0.13803,0.865,0.7222222222222222,0.7222222222222222,0.7142857142857142,219
b1_N500,HO,7,0.13805,0.865,0.7777777777777777,0.7777777777777778,0.775,220
b1_N500,DOHO,7,0.13831000000000002,0.865,0.7222222222222222,0.7222222222222222,0.7213622291021672,233
b1_N500,RL-DOHO,7,0.13825,0.865,0.7777777777777777,0.7777777777777778,0.775,230
b1_N500,DO,8,0.1085900000000001,0.8949999999999999,0.7777777777777778,0.7777777777777778,0.7662337662337663,232
b1_N500,HO,8,0.08886999999999996,0.915,0.7777777777777778,0.7777777777777778,0.7662337662337663,236
b1_N500,DOHO,8,0.1085300000000001,0.8949999999999999,0.7777777777777778,0.7777777777777778,0.7662337662337663,229
b1_N500,RL-DOHO,8,0.08818999999999996,0.915,0.8333333333333333,0.8333333333333334,0.8285714285714285,202
b1_N500,DO,9,0.1483699999999999,0.8550000000000001,0.9444444444444444,0.9444444444444444,0.9442724458204335,241
b1_N500,HO,9,0.12335999999999987,0.8800000000000001,0.9444444444444444,0.9444444444444444,0.9442724458204335,228
b1_N500,DOHO,9,0.1482299999999999,0.8550000000000001,0.9444444444444444,0.9444444444444444,0.9442724458204335,234
b1_N500,RL-DOHO,9,0.1480899999999999,0.8550000000000001,0.9444444444444444,0.9444444444444444,0.9442724458204335,227
b1_N1000,DO,0,0.16762000000000002,0.835,0.8333333333333333,0.8333333333333334,0.8285714285714285,427
b1_N1000,HO,0,0.14303,0.86,0.8333333333333333,0.8333333333333334,0.8285714285714285,443
b1_N1000,DOHO,0,0.16767,0.835,0.8333333333333333,0.8333333333333334,0.8285714285714285,432
b1_N1000,RL-DOHO,0,0.16759000000000002,0.835,0.7222222222222222,0.7222222222222222,0.7142857142857142,424
b1_N1000,DO,1,0.10327999999999998,0.9,0.7777777777777777,0.7777777777777778,0.775,428
b1_N1000,HO,1,0.10369999999999997,0.9,0.7222222222222222,0.7222222222222222,0.7213622291021672,470
b1_N1000,DOHO,1,0.10348999999999997,0.9,0.7222222222222222,0.7222222222222222,0.7213622291021672,449
b1_N1000,RL-DOHO,1,0.10324999999999998,0.9,0.7222222222222222,0.7222222222222222,0.7213622291021672,425
b1_N1000,DO,2,0.1481099999999999,0.8550000000000001,0.8333333333333333,0.8333333333333334,0.8328173374613003,456
b1_N1000,HO,2,0.1481599999999999,0.8550000000000001,0.9444444444444444,0.9444444444444444,0.9442724458204335,461
b1_N1000,DOHO,2,0.1480899999999999,0.8550000000000001,0.7777777777777778,0.7777777777777778,0.7777777777777778,454
b1_N1000,RL-DOHO,2,0.1480699999999999,0.8550000000000001,0.7777777777777778,0.7777777777777778,0.7777777777777778,452
b1_N1000,DO,3,0.17787000000000006,0.825,0.8888888888888888,0.8888888888888888,0.8875,462
b1_N1000,HO,3,0.12836,0.875,0.9444444444444444,0.9444444444444444,0.9442724458204335,461
b1_N1000,DOHO,3,0.15323000000000003,0.85,0.8888888888888888,0.8888888888888888,0.8875,473
b1_N1000,RL-DOHO,3,0.1282,0.875,0.8888888888888888,0.8888888888888888,0.8875,445
b1_N1000,DO,4,0.16794000000000003,0.835,0.8333333333333333,0.8333333333333334,0.8328173374613003,459
b1_N1000,HO,4,0.16777000000000003,0.835,0.8333333333333333,0.8333333333333334,0.8328173374613003,442
b1_N1000,DOHO,4,0.16774000000000003,0.835,0.8333333333333333,0.8333333333333334,0.8328173374613003,439
b1_N1000,RL-DOHO,4,0.14336,0.86,0.8333333333333333,0.8333333333333334,0.8328173374613003,476
b1_N1000,DO,5,0.1483199999999999,0.8550000000000001,0.8333333333333333,0.8333333333333334,0.8328173374613003,477
b1_N1000,HO,5,0.1482599999999999,0.8550000000000001,0.8888888888888888,0.8888888888888888,0.8888888888888888,471
b1_N1000,DOHO,5,0.1479799999999999,0.8550000000000001,0.8888888888888888,0.8888888888888888,0.8888888888888888,443
b1_N1000,RL-DOHO,5,0.1724799999999999,0.8300000000000001,0.8333333333333333,0.8333333333333334,0.8328173374613003,418
b1_N1000,DO,6,0.11352999999999998,0.89,0.8333333333333333,0.8333333333333334,0.8285714285714285,463
b1_N1000,HO,6,0.08881999999999995,0.915,0.8333333333333333,0.8333333333333334,0.8285714285714285,467
b1_N1000,DOHO,6,0.11329999999999998,0.89,0.8333333333333333,0.8333333333333334,0.8285714285714285,440
b1_N1000,RL-DOHO,6,0.11321999999999999,0.89,0.8333333333333333,0.8333333333333334,0.8285714285714285,432
b1_N1000,DO,7,0.16806000000000001,0.835,0.8333333333333333,0.8333333333333334,0.8328173374613003,471
b1_N1000,HO,7,0.16797000000000004,0.835,0.8333333333333333,0.8333333333333334,0.8328173374613003,462
b1_N1000,DOHO,7,0.16793000000000002,0.835,0.8333333333333333,0.8333333333333334,0.8328173374613003,458
b1_N1000,RL-DOHO,7,0.14302,0.86,0.8333333333333333,0.8333333333333334,0.8328173374613003,442
b1_N1000,DO,8,0.11351999999999998,0.89,0.7777777777777778,0.7777777777777778,0.7662337662337663,462
b1_N1000,HO,8,0.11373999999999998,0.89,0.7777777777777778,0.7777777777777778,0.7662337662337663,484
b1_N1000,DOHO,8,0.11347999999999998,0.89,0.7777777777777778,0.7777777777777778,0.7662337662337663,458
b1_N1000,RL-DOHO,8,0.13798000000000002,0.865,0.7777777777777778,0.7777777777777778,0.7662337662337663,433
b1_N1000,DO,9,0.12339999999999988,0.8800000000000001,0.8333333333333333,0.8333333333333334,0.8328173374613003,460
b1_N1000,HO,9,0.12319999999999988,0.8800000000000001,0.8888888888888888,0.8888888888888888,0.8888888888888888,440
b1_N1000,DOHO,9,0.12330999999999988,0.8800000000000001,0.8888888888888888,0.8888888888888888,0.8888888888888888,451
b1_N1000,RL-DOHO,9,0.12321999999999989,0.8800000000000001,0.8888888888888888,0.8888888888888888,0.8888888888888888,442
b1_N2000,DO,0,0.143365,0.86,0.8333333333333333,0.8333333333333334,0.8285714285714285,953
b1_N2000,HO,0,0.16789500000000002,0.835,0.7777777777777778,0.7777777777777778,0.7662337662337663,909
b1_N2000,DOHO,0,0.143355,0.86,0.8333333333333333,0.8333333333333334,0.8285714285714285,951
b1_N2000,RL-DOHO,0,0.14336,0.86,0.8333333333333333,0.8333333333333334,0.8285714285714285,952
b1_N2000,DO,1,0.10365999999999997,0.9,0.7222222222222222,0.7222222222222222,0.7213622291021672,932
b1_N2000,HO,1,0.10359499999999998,0.9,0.7777777777777777,0.7777777777777778,0.775,919
b1_N2000,DOHO,1,0.10370499999999998,0.9,0.7222222222222222,0.7222222222222222,0.7213622291021672,941
b1_N2000,RL-DOHO,1,0.10349499999999998,0.9,0.7222222222222222,0.7222222222222222,0.7213622291021672,899
b1_N2000,DO,2,0.12370499999999988,0.8800000000000001,0.8888888888888888,0.8888888888888888,0.8888888888888888,981
b1_N2000,HO,2,0.14343,0.86,0.8333333333333333,0.8333333333333334,0.8328173374613003,966
b1_N2000,DOHO,2,0.12362499999999987,0.8800000000000001,0.9444444444444444,0.9444444444444444,0.9442724458204335,965
b1_N2000,RL-DOHO,2,0.143375,0.86,0.8333333333333333,0.8333333333333334,0.8328173374613003,955
b1_N2000,DO,3,0.12850999999999999,0.875,0.9444444444444444,0.9444444444444444,0.9442724458204335,952
b1_N2000,HO,3,0.128505,0.875,0.9444444444444444,0.9444444444444444,0.9442724458204335,951
b1_N2000,DOHO,3,0.12848,0.875,0.9444444444444444,0.9444444444444444,0.9442724458204335,946
b1_N2000,RL-DOHO,3,0.128495,0.875,0.9444444444444444,0.9444444444444444,0.9442724458204335,949
b1_N2000,DO,4,0.143175,0.86,0.8333333333333333,0.8333333333333334,0.8328173374613003,915
b1_N2000,HO,4,0.14309,0.86,0.8333333333333333,0.8333333333333334,0.8328173374613003,898
b1_N2000,DOHO,4,0.14322000000000001,0.86,0.8333333333333333,0.8333333333333334,0.8328173374613003,924
b1_N2000,RL-DOHO,4,0.143215,0.86,0.8333333333333333,0.8333333333333334,0.8328173374613003,923
b1_N2000,DO,5,0.17285499999999993,0.8300000000000001,0.8333333333333333,0.8333333333333334,0.8328173374613003,911
b1_N2000,HO,5,0.17277499999999993,0.8300000000000001,0.8333333333333333,0.8333333333333334,0.8328173374613003,895
b1_N2000,DOHO,5,0.17281999999999992,0.8300000000000001,0.9444444444444444,0.9444444444444444,0.9442724458204335,904
b1_N2000,RL-DOHO,5,0.17288999999999993,0.8300000000000001,0.8333333333333333,0.8333333333333334,0.8328173374613003,918
b1_N2000,DO,6,0.11348999999999998,0.89,0.8333333333333333,0.8333333333333334,0.8285714285714285,918
b1_N2000,HO,6,0.11343499999999998,0.89,0.7777777777777778,0.7777777777777778,0.7662337662337663,907
b1_N2000,DOHO,6,0.11348999999999998,0.89,0.8333333333333333,0.8333333333333334,0.8285714285714285,918
b1_N2000,RL-DOHO,6,0.11335499999999998,0.89,0.8333333333333333,0.8333333333333334,0.8285714285714285,891
b1_N2000,DO,7,0.16812000000000002,0.835,0.8333333333333333,0.8333333333333334,0.8328173374613003,954
b1_N2000,HO,7,0.16809000000000002,0.835,0.8333333333333333,0.8333333333333334,0.8328173374613003,948
b1_N2000,DOHO,7,0.14332,0.86,0.8333333333333333,0.8333333333333334,0.8328173374613003,944
b1_N2000,RL-DOHO,7,0.16794000000000003,0.835,0.7777777777777777,0.7777777777777778,0.775,918
b1_N2000,DO,8,0.143265,0.86,0.7777777777777778,0.7777777777777778,0.7662337662337663,933
b1_N2000,HO,8,0.14334,0.86,0.8888888888888888,0.8888888888888888,0.8875,948
b1_N2000,DOHO,8,0.143175,0.86,0.8333333333333333,0.8333333333333334,0.8285714285714285,915
b1_N2000,RL-DOHO,8,0.16293999999999992,0.8400000000000001,0.7777777777777778,0.7777777777777778,0.7662337662337663,908
b1_N2000,DO,9,0.12331999999999987,0.8800000000000001,0.8888888888888888,0.8888888888888888,0.8888888888888888,904
b1_N2000,HO,9,0.09877999999999997,0.905,0.9444444444444444,0.9444444444444444,0.9442724458204335,946
b1_N2000,DOHO,9,0.12337499999999987,0.8800000000000001,0.8888888888888888,0.8888888888888888,0.8888888888888888,915
b1_N2000,RL-DOHO,9,0.12329999999999988,0.8800000000000001,0.8888888888888888,0.8888888888888888,0.8888888888888888,900
b1_N5000,DO,0,0.143256,0.86,0.8333333333333333,0.8333333333333334,0.8285714285714285,2328
b1_N5000,HO,0,0.143224,0.86,0.8888888888888888,0.8888888888888888,0.8875,2312
b1_N5000,DOHO,0,0.143292,0.86,0.8888888888888888,0.8888888888888888,0.8875,2346
b1_N5000,RL-DOHO,0,0.143178,0.86,0.8888888888888888,0.8888888888888888,0.8875,2289
b1_N5000,DO,1,0.10384599999999998,0.9,0.7777777777777777,0.7777777777777778,0.775,2423
b1_N5000,HO,1,0.10376399999999998,0.9,0.7777777777777777,0.7777777777777778,0.775,2382
b1_N5000,DOHO,1,0.10385599999999998,0.9,0.7777777777777777,0.7777777777777778,0.775,2428
b1_N5000,RL-DOHO,1,0.10393399999999997,0.9,0.7777777777777777,0.7777777777777778,0.775,2467
b1_N5000,DO,2,0.143406,0.86,0.9444444444444444,0.9444444444444444,0.9442724458204335,2403
b1_N5000,HO,2,0.11861,0.885,0.9444444444444444,0.9444444444444444,0.9442724458204335,2380
b1_N5000,DOHO,2,0.16809400000000002,0.835,0.9444444444444444,0.9444444444444444,0.9442724458204335,2372
b1_N5000,RL-DOHO,2,0.16813200000000003,0.835,0.8888888888888888,0.8888888888888888,0.8888888888888888,2391
b1_N5000,DO,3,0.10384799999999998,0.9,0.9444444444444444,0.9444444444444444,0.9442724458204335,2424
b1_N5000,HO,3,0.10373399999999998,0.9,0.9444444444444444,0.9444444444444444,0.9442724458204335,2367
b1_N5000,DOHO,3,0.10387399999999998,0.9,0.9444444444444444,0.9444444444444444,0.9442724458204335,2437
b1_N5000,RL-DOHO,3,0.10381999999999998,0.9,0.9444444444444444,0.9444444444444444,0.9442724458204335,2410
b1_N5000,DO,4,0.11875999999999999,0.885,0.8333333333333333,0.8333333333333334,0.8328173374613003,2455
b1_N5000,HO,4,0.143368,0.86,0.8333333333333333,0.8333333333333334,0.8328173374613003,2384
b1_N5000,DOHO,4,0.11874199999999999,0.885,0.7777777777777778,0.7777777777777778,0.7777777777777778,2446
b1_N5000,RL-DOHO,4,0.11871599999999999,0.885,0.8333333333333333,0.8333333333333334,0.8328173374613003,2433
b1_N5000,DO,5,0.17799800000000005,0.825,0.8888888888888888,0.8888888888888888,0.8888888888888888,2374
b1_N5000,HO,5,0.17793800000000004,0.825,0.8333333333333333,0.8333333333333334,0.8328173374613003,2344
b1_N5000,DOHO,5,0.17801200000000003,0.825,0.8333333333333333,0.8333333333333334,0.8328173374613003,2381
b1_N5000,RL-DOHO,5,0.17802000000000004,0.825,0.8333333333333333,0.8333333333333334,0.8328173374613003,2385
b1_N5000,DO,6,0.11353599999999998,0.89,0.8333333333333333,0.8333333333333334,0.8285714285714285,2318
b1_N5000,HO,6,0.11359199999999998,0.89,0.8888888888888888,0.8888888888888888,0.8875,2346
b1_N5000,DOHO,6,0.11353399999999998,0.89,0.8333333333333333,0.8333333333333334,0.8285714285714285,2317
b1_N5000,RL-DOHO,6,0.11353199999999998,0.89,0.8333333333333333,0.8333333333333334,0.8285714285714285,2316
b1_N5000,DO,7,0.143394,0.86,0.8888888888888888,0.8888888888888888,0.8888888888888888,2397
b1_N5000,HO,7,0.143404,0.86,0.8888888888888888,0.8888888888888888,0.8888888888888888,2402
b1_N5000,DOHO,7,0.143356,0.86,0.8888888888888888,0.8888888888888888,0.8888888888888888,2378
b1_N5000,RL-DOHO,7,0.11871799999999999,0.885,0.8888888888888888,0.8888888888888888,0.8888888888888888,2434
b1_N5000,DO,8,0.118638,0.885,0.8333333333333333,0.8333333333333334,0.8285714285714285,2394
b1_N5000,HO,8,0.11851999999999999,0.885,0.8888888888888888,0.8888888888888888,0.8875,2335
b1_N5000,DOHO,8,0.11851199999999999,0.885,0.8888888888888888,0.8888888888888888,0.8875,2331
b1_N5000,RL-DOHO,8,0.11856399999999999,0.885,0.8888888888888888,0.8888888888888888,0.8875,2357
b1_N5000,DO,9,0.12349999999999987,0.8800000000000001,0.9444444444444444,0.9444444444444444,0.9442724458204335,2350
b1_N5000,HO,9,0.12357399999999988,0.8800000000000001,0.9444444444444444,0.9444444444444444,0.9442724458204335,2387
b1_N5000,DOHO,9,0.12355199999999988,0.8800000000000001,0.9444444444444444,0.9444444444444444,0.9442724458204335,2376
b1_N5000,RL-DOHO,9,0.12360199999999988,0.8800000000000001,0.8888888888888888,0.8888888888888888,0.8888888888888888,2401
