dataset,algo,fit_mean,fit_std,fit_worst,cv_acc,test_acc_mean,test_acc_std,test_plain_acc,test_f1,n_probes
all_N200,DO,0.13688000000000003,0.019954910284048985,0.16574999999999993,0.866611111111111,0.7659090909090909,0.06238855996943423,0.7903225806451613,0.7678236954911543,96.5
all_N200,HO,0.142895,0.03689694695289087,0.19244999999999995,0.8605,0.7725,0.07368724081018739,0.7935483870967742,0.7724296421797399,95.8
all_N200,DOHO,0.13703499999999996,0.02250177832478531,0.17530000000000004,0.8665,0.7775000000000001,0.0836251776665452,0.8,0.7772370921331685,97.4
all_N200,RL-DOHO,0.12239000000000003,0.025224016333645193,0.18580000000000002,0.8808888888888889,0.7875,0.07100429053630364,0.8129032258064516,0.7891345720014107,89.4
all_N500,DO,0.13278999999999996,0.02801838245787137,0.18030999999999994,0.8707777777777779,0.7961363636363636,0.04422646557341679,0.8161290322580644,0.7949902783496462,243.0
all_N500,HO,0.13888599999999995,0.037177836348496085,0.2022300000000001,0.8645555555555557,0.8061363636363635,0.05819099122763847,0.8290322580645162,0.8090200168829746,239.8
all_N500,DOHO,0.13641799999999996,0.03346574892499954,0.1912299999999999,0.8671111111111112,0.8081818181818182,0.03543964981057306,0.8290322580645162,0.8099958744376303,242.9
all_N500,RL-DOHO,0.136131,0.03910946843299085,0.19364,0.8670555555555556,0.7654545454545454,0.051735269481817656,0.7870967741935484,0.7646180971349387,225.8
all_N1000,DO,0.12733699999999998,0.027387336509984147,0.15587000000000004,0.8762777777777778,0.8163636363636364,0.0555236363768671,0.8290322580645162,0.8128311057727533,485.2
all_N1000,HO,0.12918500000000002,0.02961155939831608,0.16652999999999998,0.8743333333333332,0.8440909090909091,0.05400829783540724,0.8516129032258064,0.8399031280935597,477.5
all_N1000,DOHO,0.12865000000000001,0.031831043547664827,0.17544999999999994,0.8749444444444444,0.8320454545454545,0.038187379344889416,0.8387096774193548,0.8259871283561614,484.5
all_N1000,RL-DOHO,0.129901,0.029583187586495453,0.18605000000000002,0.8734444444444444,0.8495454545454546,0.03589981979793678,0.8612903225806452,0.8474173017704496,461.1
all_N2000,DO,0.12509750000000003,0.02776960831256602,0.17360000000000003,0.8785000000000001,0.846590909090909,0.029656938077368668,0.8548387096774194,0.84183496445555,962.5
all_N2000,HO,0.12358149999999997,0.02466787846685555,0.16054000000000004,0.8800555555555556,0.8581818181818182,0.052433875450569566,0.864516129032258,0.8538006647577134,967.3
all_N2000,DOHO,0.12433449999999999,0.03365663014177149,0.184685,0.8792777777777777,0.846590909090909,0.0339348278854925,0.8548387096774194,0.8428256624412738,963.9
all_N2000,RL-DOHO,0.124959,0.026883065384074856,0.17478499999999997,0.8786111111111111,0.8470454545454545,0.044626935374071336,0.8580645161290322,0.8453339582178362,956.8
all_N5000,DO,0.1275814,0.02587873247883502,0.16485200000000008,0.8760555555555556,0.8718181818181818,0.041964500279957566,0.8741935483870968,0.8643827263093881,2438.2
all_N5000,HO,0.1299146,0.026597649303818006,0.16501200000000008,0.8737222222222222,0.863181818181818,0.03482871639562333,0.8709677419354838,0.8594702154032658,2449.8
all_N5000,DOHO,0.12267040000000003,0.024492458137149065,0.16491000000000008,0.8810555555555556,0.8672727272727272,0.04429324602814545,0.8709677419354838,0.8603945282023883,2457.7
all_N5000,RL-DOHO,0.12547760000000002,0.025836997586148942,0.1539580000000001,0.8781666666666667,0.8672727272727272,0.04555796316063955,0.8709677419354838,0.860250343001527,2431.3
b1_N200,DO,0.11390999999999998,0.030249011003116555,0.15320000000000003,0.8895,0.8,0.05972042776517443,0.8,0.7966435417867306,90.3
b1_N200,HO,0.09658499999999998,0.027810030664412337,0.143,0.907,0.8055555555555556,0.029280348705262745,0.8055555555555556,0.8030161969093857,90.3
b1_N200,DOHO,0.10481999999999998,0.025575304929212936,0.1378,0.8985,0.8277777777777777,0.07148244098377325,0.8277777777777778,0.824299083213641,86.7
b1_N200,RL-DOHO,0.10959499999999997,0.028335827831367254,0.13815000000000002,0.8935000000000001,0.7722222222222223,0.07148244098377324,0.7722222222222223,0.7700356282864023,83.2
b1_N500,DO,0.13427199999999997,0.020633297145902535,0.16327999999999993,0.869,0.8222222222222222,0.06829292190587323,0.8222222222222222,0.818924902496884,229.1
b1_N500,HO,0.12819399999999997,0.023943214858865094,0.16789,0.875,0.8166666666666667,0.058852772526187806,0.8166666666666667,0.8126938390986378,222.2
b1_N500,DOHO,0.13474499999999998,0.01540781133062055,0.15280000000000002,0.8685,0.8222222222222222,0.06307180135528295,0.8222222222222222,0.8194923750999603,228.0
b1_N500,RL-DOHO,0.13016799999999995,0.02138473172876177,0.1480899999999999,0.873,0.8444444444444444,0.06829292190587327,0.8444444444444444,0.8423756081379921,221.9
b1_N1000,DO,0.143165,0.02753906407269502,0.17787000000000006,0.86,0.8277777777777777,0.03153590067764147,0.8277777777777778,0.8249963310683125,456.5
b1_N1000,HO,0.13330099999999995,0.02644306565266425,0.16797000000000004,0.8700000000000001,0.85,0.0695369753908096,0.85,0.8476696196820036,460.1
b1_N1000,DOHO,0.14062199999999997,0.02504052395617953,0.16793000000000002,0.8625,0.8277777777777777,0.05524605144509741,0.8277777777777778,0.8253429082956947,449.7
b1_N1000,RL-DOHO,0.13803899999999997,0.021999641133436693,0.1724799999999999,0.865,0.8111111111111111,0.059720427765174465,0.8111111111111111,0.8083071817243643,438.9
b1_N2000,DO,0.13634649999999998,0.022280819111463977,0.17285499999999993,0.867,0.8388888888888889,0.06113916303414509,0.8388888888888889,0.8365241088460902,935.3
b1_N2000,HO,0.13829349999999999,0.026888604778687285,0.17277499999999993,0.865,0.8444444444444444,0.063071801355283,0.8444444444444444,0.8414781773953601,928.7
b1_N2000,DOHO,0.13385649999999996,0.019549943741038692,0.17281999999999992,0.8695,0.861111111111111,0.07051641764688805,0.861111111111111,0.8594417416089243,932.3
b1_N2000,RL-DOHO,0.14023649999999996,0.023273548415171538,0.17288999999999993,0.8630000000000001,0.8277777777777777,0.06113916303414511,0.8277777777777778,0.8251352199572013,921.3
b1_N5000,DO,0.1290182,0.023011386214461575,0.17799800000000005,0.8745,0.8722222222222221,0.05885277252618782,0.8722222222222221,0.8704126738414664,2386.6
b1_N5000,HO,0.12897279999999997,0.02302417607067263,0.17793800000000004,0.8745,0.8833333333333332,0.05524605144509741,0.8833333333333334,0.882484090127279,2363.9
b1_N5000,DOHO,0.13148239999999997,0.025877680349418255,0.17801200000000003,0.8720000000000001,0.8722222222222221,0.06441676715157808,0.8722222222222221,0.8710872770160696,2381.2
b1_N5000,RL-DOHO,0.1290216,0.02579062987124504,0.17802000000000004,0.8745,0.8666666666666666,0.046848557928420465,0.8666666666666666,0.8655145215981129,2388.3
