dataset,vs,wins,ties,losses,p
all_N200,DO,7,0,3,0.064453125
all_N200,HO,7,0,3,0.16015625
all_N200,DOHO,8,0,2,0.02734375
all_N500,DO,4,0,6,0.556640625
all_N500,HO,6,0,4,0.76953125
all_N500,DOHO,6,0,4,0.76953125
all_N1000,DO,5,0,5,0.76953125
all_N1000,HO,4,0,6,0.76953125
all_N1000,DOHO,4,0,6,0.625
all_N2000,DO,5,0,5,0.921875
all_N2000,HO,6,0,4,0.6953125
all_N2000,DOHO,6,0,4,0.921875
all_N5000,DO,7,0,3,0.4921875
all_N5000,HO,6,0,4,0.232421875
all_N5000,DOHO,6,1,3,0.9609375
b1_N200,DO,6,1,3,0.41796875
b1_N200,HO,4,0,6,0.275390625
b1_N200,DOHO,4,1,5,0.66015625
b1_N500,DO,7,0,3,0.322265625
b1_N500,HO,4,0,6,0.6953125
b1_N500,DOHO,8,0,2,0.16015625
b1_N1000,DO,8,0,2,0.15234375
b1_N1000,HO,5,0,5,1.0
b1_N1000,DOHO,8,0,2,0.22265625
b1_N2000,DO,6,0,4,1.0
b1_N2000,HO,6,0,4,1.0
b1_N2000,DOHO,4,0,6,0.4921875
b1_N5000,DO,6,0,4,1.0
b1_N5000,HO,4,0,6,0.76953125
b1_N5000,DOHO,5,0,5,0.845703125
