variant,seed,fit,n_feats,cv_acc,test_acc
RL-DOHO (4-arm bandit),0,0.1819992164725696,10,0.8233774148184723,0.8465039304923458
RL-DOHO (4-arm bandit),1,0.1819992164725696,10,0.8233774148184723,0.8465039304923458
RL-DOHO (4-arm bandit),2,0.18299029913828863,10,0.8223763212167359,0.8489863467107985
RL-DOHO (4-arm bandit),3,0.18221698656619595,11,0.8238789457484312,0.8460901944559371
RL-DOHO (4-arm bandit),4,0.1819992164725696,10,0.8233774148184723,0.8465039304923458
RL-DOHO (4-arm bandit),5,0.19319388893593084,8,0.8106266634124797,0.8293338849813818
RL-DOHO (4-arm bandit),6,0.1883088898429362,10,0.8170040073736575,0.8487794786925942
RL-DOHO (4-arm bandit),7,0.1869494335995651,10,0.8183771954982748,0.8295407529995863
RL-DOHO (4-arm bandit),8,0.18299029913828863,10,0.8223763212167359,0.8489863467107985
RL-DOHO (4-arm bandit),9,0.1824942474642005,10,0.8228773835137946,0.8429871741828714
Random arm,0,0.18296162081321374,11,0.8231267899433627,0.8423665701282581
Random arm,1,0.1820671253966843,12,0.8247518213886306,0.8382292097641704
Random arm,2,0.1855852451011661,10,0.8197551636784758,0.8452627223831196
Random arm,3,0.1824942474642005,10,0.8228773835137946,0.8429871741828714
Random arm,4,0.1819992164725696,10,0.8233774148184723,0.8465039304923458
Random arm,5,0.19319388893593084,8,0.8106266634124797,0.8293338849813818
Random arm,6,0.1844446724231926,11,0.8216287580140912,0.8500206868018204
Random arm,7,0.1844446724231926,11,0.8216287580140912,0.8500206868018204
Random arm,8,0.18299029913828863,10,0.8223763212167359,0.8489863467107985
Random arm,9,0.1824942474642005,10,0.8228773835137946,0.8429871741828714
Without HO arm (3 arms),0,0.1819992164725696,10,0.8233774148184723,0.8465039304923458
Without HO arm (3 arms),1,0.18979723044382862,10,0.8155006330293217,0.8357467935457179
Without HO arm (3 arms),2,0.18299029913828863,10,0.8223763212167359,0.8489863467107985
Without HO arm (3 arms),3,0.18352326167855948,13,0.8240024773809644,0.8425734381464626
Without HO arm (3 arms),4,0.1819992164725696,10,0.8233774148184723,0.8465039304923458
Without HO arm (3 arms),5,0.18738710794104607,12,0.819378101646851,0.845469590401324
Without HO arm (3 arms),6,0.19001500053745496,11,0.8160021639592807,0.8365742656185353
Without HO arm (3 arms),7,0.1844446724231926,11,0.8216287580140912,0.8500206868018204
Without HO arm (3 arms),8,0.18299029913828863,10,0.8223763212167359,0.8489863467107985
Without HO arm (3 arms),9,0.18296162081321374,11,0.8231267899433627,0.8423665701282581
PERTURB only,0,0.1824942474642005,10,0.8228773835137946,0.8429871741828714
PERTURB only,1,0.1819992164725696,10,0.8233774148184723,0.8465039304923458
PERTURB only,2,0.18299029913828863,10,0.8223763212167359,0.8489863467107985
PERTURB only,3,0.18221698656619595,11,0.8238789457484312,0.8460901944559371
PERTURB only,4,0.1819992164725696,10,0.8233774148184723,0.8465039304923458
PERTURB only,5,0.1824942474642005,10,0.8228773835137946,0.8429871741828714
PERTURB only,6,0.18299029913828863,10,0.8223763212167359,0.8489863467107985
PERTURB only,7,0.1824942474642005,10,0.8228773835137946,0.8429871741828714
PERTURB only,8,0.1819992164725696,10,0.8233774148184723,0.8465039304923458
PERTURB only,9,0.1824942474642005,10,0.8228773835137946,0.8429871741828714
Without tie-break,0,0.1820671253966843,12,0.8247518213886306,0.8382292097641704
Without tie-break,1,0.1883088898429362,10,0.8170040073736575,0.8487794786925942
Without tie-break,2,0.18299029913828863,10,0.8223763212167359,0.8489863467107985
Without tie-break,3,0.1820671253966843,12,0.8247518213886306,0.8382292097641704
Without tie-break,4,0.1819992164725696,10,0.8233774148184723,0.8465039304923458
Without tie-break,5,0.19137557025259755,11,0.8146278511157024,0.835333057509309
Without tie-break,6,0.1941274293728711,10,0.8111266947171576,0.8280926768721555
Without tie-break,7,0.1869494335995651,10,0.8183771954982748,0.8295407529995863
Without tie-break,8,0.18299029913828863,10,0.8223763212167359,0.8489863467107985
Without tie-break,9,0.1824942474642005,10,0.8228773835137946,0.8429871741828714
Q-learning controller,0,0.1824942474642005,10,0.8228773835137946,0.8429871741828714
Q-learning controller,1,0.1931369962323521,10,0.8121271322328334,0.829954489035995
Q-learning controller,2,0.18299029913828863,10,0.8223763212167359,0.8489863467107985
Q-learning controller,3,0.1819992164725696,10,0.8233774148184723,0.8465039304923458
Q-learning controller,4,0.1819992164725696,10,0.8233774148184723,0.8465039304923458
Q-learning controller,5,0.19280414168116886,13,0.8146278511157025,0.8314025651634258
Q-learning controller,6,0.18221698656619595,11,0.8238789457484312,0.8460901944559371
Q-learning controller,7,0.18221698656619595,11,0.8238789457484312,0.8460901944559371
Q-learning controller,8,0.18370412090600288,11,0.8223767898496364,0.8444352503103021
Q-learning controller,9,0.18503638345332743,12,0.8217525708263648,0.8450558543649151
No local search (= DO),0,0.1819992164725696,10,0.8233774148184723,0.8465039304923458
No local search (= DO),1,0.1928627973817185,11,0.8131256014903276,0.8361605295821266
No local search (= DO),2,0.1855852451011661,10,0.8197551636784758,0.8452627223831196
No local search (= DO),3,0.18887275765182454,12,0.8178774453733374,0.8456764584195284
No local search (= DO),4,0.1819992164725696,10,0.8233774148184723,0.8465039304923458
No local search (= DO),5,0.18299029913828863,10,0.8223763212167359,0.8489863467107985
No local search (= DO),6,0.20136046206347044,8,0.8023775996472882,0.8214729002896153
No local search (= DO),7,0.1869494335995651,10,0.8183771954982748,0.8295407529995863
No local search (= DO),8,0.18299029913828863,10,0.8223763212167359,0.8489863467107985
No local search (= DO),9,0.18503638345332743,12,0.8217525708263648,0.8450558543649151
