,GA,BPSO,RL-DOHO,mRMR,ReliefF,DO,BGWO,HO,LASSO,DOHO,All features
Age,0.2,0.4,0.3,0.7,0.0,0.5,0.3,0.4,0.0,0.5,1.0
ESR,1.0,1.0,1.0,1.0,1.0,1.0,1.0,1.0,1.0,1.0,1.0
CRP,1.0,1.0,1.0,1.0,1.0,1.0,0.9,1.0,1.0,1.0,1.0
RF,1.0,1.0,1.0,1.0,1.0,1.0,1.0,1.0,1.0,1.0,1.0
Anti-CCP,1.0,1.0,1.0,1.0,1.0,1.0,1.0,1.0,1.0,1.0,1.0
C3,1.0,1.0,1.0,1.0,1.0,0.9,1.0,0.9,1.0,0.9,1.0
C4,1.0,1.0,0.9,1.0,1.0,0.9,0.9,0.9,1.0,0.8,1.0
Gender,0.9,0.8,0.4,0.5,0.0,0.4,0.7,0.6,0.0,0.6,1.0
HLA-B27,0.2,0.5,0.3,1.0,1.0,0.5,0.5,0.8,1.0,0.6,1.0
ANA,1.0,1.0,0.9,1.0,1.0,0.9,0.9,0.8,1.0,0.8,1.0
Anti-Ro,1.0,1.0,1.0,1.0,1.0,0.9,0.9,0.9,1.0,1.0,1.0
Anti-La,1.0,1.0,1.0,1.0,1.0,1.0,0.9,0.9,1.0,1.0,1.0
Anti-dsDNA,0.0,0.0,0.0,0.1,0.4,0.3,0.3,0.1,1.0,0.3,1.0
Anti-Sm,0.1,0.3,0.1,0.6,1.0,0.0,0.1,0.3,1.0,0.2,1.0
