method,fit,cv_acc,test_acc,test_prec,test_rec,test_f1,n_feats,avg rank (fitness),avg rank (test acc)
GA,0.1821 ± 0.0002,0.8236 ± 0.0006,0.8445 ± 0.0035,0.8449 ± 0.0078,0.8444 ± 0.0020,0.8386 ± 0.0024,10.4 ± 0.8,1.9,6.0
BPSO,0.1828 ± 0.0010,0.8233 ± 0.0009,0.8454 ± 0.0032,0.8432 ± 0.0063,0.8463 ± 0.0037,0.8406 ± 0.0042,11.0 ± 1.1,2.85,6.05
RL-DOHO,0.1845 ± 0.0038,0.8208 ± 0.0042,0.8434 ± 0.0076,0.8434 ± 0.0106,0.8431 ± 0.0075,0.8379 ± 0.0082,9.9 ± 0.7,4.55,5.85
mRMR,0.1848 ± 0.0021,0.8219 ± 0.0024,0.8451 ± 0.0045,0.8386 ± 0.0044,0.8467 ± 0.0051,0.8415 ± 0.0047,11.9 ± 1.3,5.3,5.2
ReliefF,0.1854 ± 0.0012,0.8210 ± 0.0008,0.8497 ± 0.0004,0.8443 ± 0.0010,0.8529 ± 0.0001,0.8476 ± 0.0004,11.4 ± 0.5,6.1,1.4
DO,0.1871 ± 0.0061,0.8185 ± 0.0065,0.8414 ± 0.0093,0.8409 ± 0.0133,0.8413 ± 0.0078,0.8365 ± 0.0085,10.3 ± 1.2,6.4,6.6
BGWO,0.1894 ± 0.0116,0.8162 ± 0.0123,0.8385 ± 0.0130,0.8381 ± 0.0119,0.8369 ± 0.0177,0.8328 ± 0.0157,10.4 ± 1.4,6.75,7.55
HO,0.1880 ± 0.0071,0.8177 ± 0.0081,0.8379 ± 0.0097,0.8330 ± 0.0099,0.8389 ± 0.0096,0.8332 ± 0.0105,10.6 ± 1.5,7.2,9.0
LASSO,0.1868 ± 0.0000,0.8200 ± 0.0000,0.8492 ± 0.0000,0.8454 ± 0.0000,0.8528 ± 0.0000,0.8481 ± 0.0000,12.0 ± 0.0,7.6,2.1
DOHO,0.1882 ± 0.0038,0.8176 ± 0.0038,0.8403 ± 0.0067,0.8373 ± 0.0106,0.8393 ± 0.0072,0.8346 ± 0.0074,10.7 ± 0.7,8.0,7.6
All features,0.1884 ± 0.0000,0.8198 ± 0.0000,0.8397 ± 0.0000,0.8349 ± 0.0000,0.8370 ± 0.0000,0.8350 ± 0.0000,14.0 ± 0.0,9.35,8.65
