method,seed,fit,cv_acc,n_feats,test_acc,test_prec,test_rec,test_f1
DO,0,0.1819992164725696,0.8233774148184723,10,0.8465039304923458,0.8489260794405715,0.8456378035769849,0.8399907640469159
HO,0,0.18352326167855948,0.8240024773809644,13,0.8425734381464626,0.8362389616081543,0.8450909436155332,0.8392734606130218
DOHO,0,0.1819992164725696,0.8233774148184723,10,0.8465039304923458,0.8489260794405715,0.8456378035769849,0.8399907640469159
RL-DOHO,0,0.1819992164725696,0.8233774148184723,10,0.8465039304923458,0.8489260794405715,0.8456378035769849,0.8399907640469159
GA,0,0.1820671253966843,0.8247518213886306,12,0.8382292097641704,0.8302468029622777,0.8410192229474929,0.8343436273752878
BPSO,0,0.1819992164725696,0.8233774148184723,10,0.8465039304923458,0.8489260794405715,0.8456378035769849,0.8399907640469159
BGWO,0,0.18221698656619595,0.8238789457484312,11,0.8460901944559371,0.8402083535879795,0.847394513698985,0.8428384110987333
LASSO,0,0.1867689455293787,0.8200025081232827,12,0.8491932147290029,0.845424482682495,0.852757144594672,0.8481076480781514
mRMR,0,0.1844446724231926,0.8216287580140912,11,0.8500206868018204,0.8435600735038428,0.8529816254128992,0.8472706260100741
ReliefF,0,0.1867689455293787,0.8200025081232827,12,0.8491932147290029,0.845424482682495,0.852757144594672,0.8481076480781514
All features,0,0.1884449860591086,0.8197525393342338,14,0.8396772858916011,0.8348781625131727,0.8369583043176174,0.8350444907091598
DO,1,0.1928627973817185,0.8131256014903276,11,0.8361605295821266,0.8291501004030942,0.832819427433906,0.8296062978403376
HO,1,0.1980202323283756,0.8057515690766769,8,0.8287132809267688,0.8255601573223592,0.8314686827944684,0.8252697597379496
DOHO,1,0.1928627973817185,0.8131256014903276,11,0.8361605295821266,0.8291501004030942,0.832819427433906,0.8296062978403376
RL-DOHO,1,0.1819992164725696,0.8233774148184723,10,0.8465039304923458,0.8489260794405715,0.8456378035769849,0.8399907640469159
GA,1,0.1824942474642005,0.8228773835137946,10,0.8429871741828714,0.8455429772253364,0.8426655051518712,0.8376210986054213
BPSO,1,0.1844446724231926,0.8216287580140912,11,0.8500206868018204,0.8435600735038428,0.8529816254128992,0.8472706260100741
BGWO,1,0.18392170542100078,0.8228785082327553,12,0.8471245345469591,0.8440218278543177,0.851641561189658,0.8465388266118099
LASSO,1,0.1867689455293787,0.8200025081232827,12,0.8491932147290029,0.845424482682495,0.852757144594672,0.8481076480781514
mRMR,1,0.1820671253966843,0.8247518213886306,12,0.8382292097641704,0.8302468029622777,0.8410192229474929,0.8343436273752878
ReliefF,1,0.1844446724231926,0.8216287580140912,11,0.8500206868018204,0.8435600735038428,0.8529816254128992,0.8472706260100741
All features,1,0.1884449860591086,0.8197525393342338,14,0.8396772858916011,0.8348781625131727,0.8369583043176174,0.8350444907091598
DO,2,0.1855852451011661,0.8197551636784758,10,0.8452627223831196,0.8507325831710693,0.8414215161981411,0.8380056959513078
HO,2,0.19242373120052336,0.8121261012404526,9,0.8301613570541995,0.8321999874543058,0.8262764358408679,0.820804299167766
DOHO,2,0.18902456739693602,0.8170026014749564,11,0.8475382705833678,0.8515715375090744,0.8441919826954614,0.8421277375238034
RL-DOHO,2,0.18299029913828863,0.8223763212167359,10,0.8489863467107985,0.854305923914968,0.847240240227186,0.8433981682258427
GA,2,0.1819992164725696,0.8233774148184723,10,0.8465039304923458,0.8489260794405715,0.8456378035769849,0.8399907640469159
BPSO,2,0.18352326167855948,0.8240024773809644,13,0.8425734381464626,0.8362389616081543,0.8450909436155332,0.8392734606130218
BGWO,2,0.1850645978318311,0.8210025707326382,11,0.8450558543649151,0.8484878105688338,0.840942960914872,0.8372141524839706
LASSO,2,0.1867689455293787,0.8200025081232827,12,0.8491932147290029,0.845424482682495,0.852757144594672,0.8481076480781514
mRMR,2,0.18481731430930126,0.8212523520685269,11,0.8483657426561854,0.8413909742380187,0.8488409244202543,0.8438716770073877
ReliefF,2,0.1844446724231926,0.8216287580140912,11,0.8500206868018204,0.8435600735038428,0.8529816254128992,0.8472706260100741
All features,2,0.1884449860591086,0.8197525393342338,14,0.8396772858916011,0.8348781625131727,0.8369583043176174,0.8350444907091598
DO,3,0.18887275765182454,0.8178774453733374,12,0.8456764584195284,0.842169020250947,0.8484222963722775,0.8441769311422151
HO,3,0.1820671253966843,0.8247518213886306,12,0.8382292097641704,0.8302468029622777,0.8410192229474929,0.8343436273752878
DOHO,3,0.1855852451011661,0.8197551636784758,10,0.8452627223831196,0.8507325831710693,0.8414215161981411,0.8380056959513078
RL-DOHO,3,0.18221698656619595,0.8238789457484312,11,0.8460901944559371,0.8402083535879795,0.847394513698985,0.8428384110987333
GA,3,0.1819992164725696,0.8233774148184723,10,0.8465039304923458,0.8489260794405715,0.8456378035769849,0.8399907640469159
BPSO,3,0.1819992164725696,0.8233774148184723,10,0.8465039304923458,0.8489260794405715,0.8456378035769849,0.8399907640469159
BGWO,3,0.1820671253966843,0.8247518213886306,12,0.8382292097641704,0.8302468029622777,0.8410192229474929,0.8343436273752878
LASSO,3,0.1867689455293787,0.8200025081232827,12,0.8491932147290029,0.845424482682495,0.852757144594672,0.8481076480781514
mRMR,3,0.18481731430930126,0.8212523520685269,11,0.8483657426561854,0.8413909742380187,0.8488409244202543,0.8438716770073877
ReliefF,3,0.1867689455293787,0.8200025081232827,12,0.8491932147290029,0.845424482682495,0.852757144594672,0.8481076480781514
All features,3,0.1884449860591086,0.8197525393342338,14,0.8396772858916011,0.8348781625131727,0.8369583043176174,0.8350444907091598
DO,4,0.1819992164725696,0.8233774148184723,10,0.8465039304923458,0.8489260794405715,0.8456378035769849,0.8399907640469159
HO,4,0.18221698656619595,0.8238789457484312,11,0.8460901944559371,0.8402083535879795,0.847394513698985,0.8428384110987333
DOHO,4,0.19301265855123023,0.8122527258501282,10,0.8320231692180389,0.8250160541537568,0.8356113674690081,0.8285159597797158
RL-DOHO,4,0.1819992164725696,0.8233774148184723,10,0.8465039304923458,0.8489260794405715,0.8456378035769849,0.8399907640469159
GA,4,0.1819992164725696,0.8233774148184723,10,0.8465039304923458,0.8489260794405715,0.8456378035769849,0.8399907640469159
BPSO,4,0.18370412090600288,0.8223767898496364,11,0.8444352503103021,0.8417531465886299,0.8423500643431907,0.8353204585168048
BGWO,4,0.2190281905987313,0.7852529099291314,9,0.805750930906082,0.8131942146909372,0.7903199830160175,0.7923942841285461
LASSO,4,0.1867689455293787,0.8200025081232827,12,0.8491932147290029,0.845424482682495,0.852757144594672,0.8481076480781514
mRMR,4,0.1884449860591086,0.8197525393342338,14,0.8396772858916011,0.8348781625131727,0.8369583043176174,0.8350444907091598
ReliefF,4,0.1844446724231926,0.8216287580140912,11,0.8500206868018204,0.8435600735038428,0.8529816254128992,0.8472706260100741
All features,4,0.1884449860591086,0.8197525393342338,14,0.8396772858916011,0.8348781625131727,0.8369583043176174,0.8350444907091598
DO,5,0.18299029913828863,0.8223763212167359,10,0.8489863467107985,0.854305923914968,0.847240240227186,0.8433981682258427
HO,5,0.18221698656619595,0.8238789457484312,11,0.8460901944559371,0.8402083535879795,0.847394513698985,0.8428384110987333
DOHO,5,0.19137557025259755,0.8146278511157024,11,0.835333057509309,0.8268072014202199,0.8393528580625473,0.8311099189833766
RL-DOHO,5,0.19319388893593084,0.8106266634124797,8,0.8293338849813818,0.8284109423195276,0.8274815440428068,0.820937110963013
GA,5,0.1819992164725696,0.8233774148184723,10,0.8465039304923458,0.8489260794405715,0.8456378035769849,0.8399907640469159
BPSO,5,0.18221698656619595,0.8238789457484312,11,0.8460901944559371,0.8402083535879795,0.847394513698985,0.8428384110987333
BGWO,5,0.1852443435875032,0.8193780079202709,9,0.8467107985105502,0.8511598562080571,0.8445982555059677,0.8403886136489308
LASSO,5,0.1867689455293787,0.8200025081232827,12,0.8491932147290029,0.845424482682495,0.852757144594672,0.8481076480781514
mRMR,5,0.18352326167855948,0.8240024773809644,13,0.8425734381464626,0.8362389616081543,0.8450909436155332,0.8392734606130218
ReliefF,5,0.1844446724231926,0.8216287580140912,11,0.8500206868018204,0.8435600735038428,0.8529816254128992,0.8472706260100741
All features,5,0.1884449860591086,0.8197525393342338,14,0.8396772858916011,0.8348781625131727,0.8369583043176174,0.8350444907091598
DO,6,0.20136046206347044,0.8023775996472882,8,0.8214729002896153,0.8181376337982587,0.8273722308656956,0.8199411912974657
HO,6,0.18370412090600288,0.8223767898496364,11,0.8444352503103021,0.8417531465886299,0.8423500643431907,0.8353204585168048
DOHO,6,0.18481731430930126,0.8212523520685269,11,0.8483657426561854,0.8413909742380187,0.8488409244202543,0.8438716770073877
RL-DOHO,6,0.1883088898429362,0.8170040073736575,10,0.8487794786925942,0.8422165213437169,0.8504325392612408,0.8453031491221097
GA,6,0.1819992164725696,0.8233774148184723,10,0.8465039304923458,0.8489260794405715,0.8456378035769849,0.8399907640469159
BPSO,6,0.1819992164725696,0.8233774148184723,10,0.8465039304923458,0.8489260794405715,0.8456378035769849,0.8399907640469159
BGWO,6,0.1819992164725696,0.8233774148184723,10,0.8465039304923458,0.8489260794405715,0.8456378035769849,0.8399907640469159
LASSO,6,0.1867689455293787,0.8200025081232827,12,0.8491932147290029,0.845424482682495,0.852757144594672,0.8481076480781514
mRMR,6,0.18352326167855948,0.8240024773809644,13,0.8425734381464626,0.8362389616081543,0.8450909436155332,0.8392734606130218
ReliefF,6,0.1867689455293787,0.8200025081232827,12,0.8491932147290029,0.845424482682495,0.852757144594672,0.8481076480781514
All features,6,0.1884449860591086,0.8197525393342338,14,0.8396772858916011,0.8348781625131727,0.8369583043176174,0.8350444907091598
DO,7,0.1869494335995651,0.8183771954982748,10,0.8295407529995863,0.822452157139314,0.8313588476281517,0.8251861693896119
HO,7,0.20145742046991713,0.8030011625844993,9,0.8181630119983451,0.8092925487867635,0.8210585961900344,0.8125404572669164
DOHO,7,0.18732086922458827,0.8180020079982514,10,0.8334712453454696,0.8261343737882996,0.8325875060852677,0.8285042954348785
RL-DOHO,7,0.1869494335995651,0.8183771954982748,10,0.8295407529995863,0.822452157139314,0.8313588476281517,0.8251861693896119
GA,7,0.1820671253966843,0.8247518213886306,12,0.8382292097641704,0.8302468029622777,0.8410192229474929,0.8343436273752878
BPSO,7,0.18392170542100078,0.8228785082327553,12,0.8471245345469591,0.8440218278543177,0.851641561189658,0.8465388266118099
BGWO,7,0.19152877183742278,0.8137516013186206,10,0.8357467935457179,0.839436520111276,0.8301629180872021,0.8272776712579257
LASSO,7,0.1867689455293787,0.8200025081232827,12,0.8491932147290029,0.845424482682495,0.852757144594672,0.8481076480781514
mRMR,7,0.18352326167855948,0.8240024773809644,13,0.8425734381464626,0.8362389616081543,0.8450909436155332,0.8392734606130218
ReliefF,7,0.1867689455293787,0.8200025081232827,12,0.8491932147290029,0.845424482682495,0.852757144594672,0.8481076480781514
All features,7,0.1884449860591086,0.8197525393342338,14,0.8396772858916011,0.8348781625131727,0.8369583043176174,0.8350444907091598
DO,8,0.18299029913828863,0.8223763212167359,10,0.8489863467107985,0.854305923914968,0.847240240227186,0.8433981682258427
HO,8,0.18481731430930126,0.8212523520685269,11,0.8483657426561854,0.8413909742380187,0.8488409244202543,0.8438716770073877
DOHO,8,0.19100599041385952,0.8150011640841246,11,0.8334712453454696,0.8338741920677197,0.8265648996921935,0.822345521109521
RL-DOHO,8,0.18299029913828863,0.8223763212167359,10,0.8489863467107985,0.854305923914968,0.847240240227186,0.8433981682258427
GA,8,0.1819992164725696,0.8233774148184723,10,0.8465039304923458,0.8489260794405715,0.8456378035769849,0.8399907640469159
BPSO,8,0.1819992164725696,0.8233774148184723,10,0.8465039304923458,0.8489260794405715,0.8456378035769849,0.8399907640469159
BGWO,8,0.1980202323283756,0.8057515690766769,8,0.8287132809267688,0.8255601573223592,0.8314686827944684,0.8252697597379496
LASSO,8,0.1867689455293787,0.8200025081232827,12,0.8491932147290029,0.845424482682495,0.852757144594672,0.8481076480781514
mRMR,8,0.1883088898429362,0.8170040073736575,10,0.8487794786925942,0.8422165213437169,0.8504325392612408,0.8453031491221097
ReliefF,8,0.1844446724231926,0.8216287580140912,11,0.8500206868018204,0.8435600735038428,0.8529816254128992,0.8472706260100741
All features,8,0.1884449860591086,0.8197525393342338,14,0.8396772858916011,0.8348781625131727,0.8369583043176174,0.8350444907091598
DO,9,0.18503638345332743,0.8217525708263648,12,0.8450558543649151,0.8395550726036747,0.8456841277682419,0.8415715959525985
HO,9,0.19001500053745496,0.8160021639592807,11,0.8365742656185353,0.8329977611003369,0.8384193355879346,0.8348437710542523
DOHO,9,0.18503638345332743,0.8217525708263648,12,0.8450558543649151,0.8395550726036747,0.8456841277682419,0.8415715959525985
RL-DOHO,9,0.1824942474642005,0.8228773835137946,10,0.8429871741828714,0.8455429772253364,0.8426655051518712,0.8376210986054213
GA,9,0.1819992164725696,0.8233774148184723,10,0.8465039304923458,0.8489260794405715,0.8456378035769849,0.8399907640469159
BPSO,9,0.1820671253966843,0.8247518213886306,12,0.8382292097641704,0.8302468029622777,0.8410192229474929,0.8343436273752878
BGWO,9,0.18503638345332743,0.8217525708263648,12,0.8450558543649151,0.8395550726036747,0.8456841277682419,0.8415715959525985
LASSO,9,0.1867689455293787,0.8200025081232827,12,0.8491932147290029,0.845424482682495,0.852757144594672,0.8481076480781514
mRMR,9,0.1844446724231926,0.8216287580140912,11,0.8500206868018204,0.8435600735038428,0.8529816254128992,0.8472706260100741
ReliefF,9,0.1844446724231926,0.8216287580140912,11,0.8500206868018204,0.8435600735038428,0.8529816254128992,0.8472706260100741
All features,9,0.1884449860591086,0.8197525393342338,14,0.8396772858916011,0.8348781625131727,0.8369583043176174,0.8350444907091598
