algo,seed,fit,cv_acc,test_acc,test_f1,n_feats,mask
DO,0,0.1819992164725696,0.8233774148184723,0.8465039304923458,0.8399907640469159,10,01111111011100
HO,0,0.18352326167855948,0.8240024773809644,0.8425734381464626,0.8392734606130218,13,11111111111101
DOHO,0,0.1819992164725696,0.8233774148184723,0.8465039304923458,0.8399907640469159,10,01111111011100
DO,1,0.1928627973817185,0.8131256014903276,0.8361605295821266,0.8296062978403376,11,11111011111100
HO,1,0.1980202323283756,0.8057515690766769,0.8287132809267688,0.8252697597379496,8,01111110101000
DOHO,1,0.1928627973817185,0.8131256014903276,0.8361605295821266,0.8296062978403376,11,11111011111100
DO,2,0.1855852451011661,0.8197551636784758,0.8452627223831196,0.8380056959513078,10,01111110011110
HO,2,0.19242373120052336,0.8121261012404526,0.8301613570541995,0.820804299167766,9,01111010011101
DOHO,2,0.18902456739693602,0.8170026014749564,0.8475382705833678,0.8421277375238034,11,11111110011110
DO,3,0.18887275765182454,0.8178774453733374,0.8456764584195284,0.8441769311422151,12,11111110111110
HO,3,0.1820671253966843,0.8247518213886306,0.8382292097641704,0.8343436273752878,12,11111111111100
DOHO,3,0.1855852451011661,0.8197551636784758,0.8452627223831196,0.8380056959513078,10,01111110011110
DO,4,0.1819992164725696,0.8233774148184723,0.8465039304923458,0.8399907640469159,10,01111111011100
HO,4,0.18221698656619595,0.8238789457484312,0.8460901944559371,0.8428384110987333,11,01111111111100
DOHO,4,0.19301265855123023,0.8122527258501282,0.8320231692180389,0.8285159597797158,10,01111111101100
DO,5,0.18299029913828863,0.8223763212167359,0.8489863467107985,0.8433981682258427,10,11111110011100
HO,5,0.18221698656619595,0.8238789457484312,0.8460901944559371,0.8428384110987333,11,01111111111100
DOHO,5,0.19137557025259755,0.8146278511157024,0.835333057509309,0.8311099189833766,11,11111111101100
DO,6,0.20136046206347044,0.8023775996472882,0.8214729002896153,0.8199411912974657,8,01111110100100
HO,6,0.18370412090600288,0.8223767898496364,0.8444352503103021,0.8353204585168048,11,11111111011100
DOHO,6,0.18481731430930126,0.8212523520685269,0.8483657426561854,0.8438716770073877,11,11111110111100
DO,7,0.1869494335995651,0.8183771954982748,0.8295407529995863,0.8251861693896119,10,11111100111100
HO,7,0.20145742046991713,0.8030011625844993,0.8181630119983451,0.8125404572669164,9,01111110100101
DOHO,7,0.18732086922458827,0.8180020079982514,0.8334712453454696,0.8285042954348785,10,01111100111101
RL-DOHO,0,0.1819992164725696,0.8233774148184723,0.8465039304923458,0.8399907640469159,10,01111111011100
RL-DOHO,1,0.1819992164725696,0.8233774148184723,0.8465039304923458,0.8399907640469159,10,01111111011100
RL-DOHO,2,0.18299029913828863,0.8223763212167359,0.8489863467107985,0.8433981682258427,10,11111110011100
RL-DOHO,3,0.18221698656619595,0.8238789457484312,0.8460901944559371,0.8428384110987333,11,01111111111100
RL-DOHO,4,0.1819992164725696,0.8233774148184723,0.8465039304923458,0.8399907640469159,10,01111111011100
RL-DOHO,5,0.19319388893593084,0.8106266634124797,0.8293338849813818,0.820937110963013,8,01111110001100
RL-DOHO,6,0.1883088898429362,0.8170040073736575,0.8487794786925942,0.8453031491221097,10,01111110111100
RL-DOHO,7,0.1869494335995651,0.8183771954982748,0.8295407529995863,0.8251861693896119,10,11111100111100
DO,8,0.18299029913828863,0.8223763212167359,0.8489863467107985,0.8433981682258427,10,11111110011100
HO,8,0.18481731430930126,0.8212523520685269,0.8483657426561854,0.8438716770073877,11,11111110111100
DOHO,8,0.19100599041385952,0.8150011640841246,0.8334712453454696,0.822345521109521,11,11111101011101
RL-DOHO,8,0.18299029913828863,0.8223763212167359,0.8489863467107985,0.8433981682258427,10,11111110011100
DO,9,0.18503638345332743,0.8217525708263648,0.8450558543649151,0.8415715959525985,12,01111111111110
HO,9,0.19001500053745496,0.8160021639592807,0.8365742656185353,0.8348437710542523,11,01111101111110
DOHO,9,0.18503638345332743,0.8217525708263648,0.8450558543649151,0.8415715959525985,12,01111111111110
RL-DOHO,9,0.1824942474642005,0.8228773835137946,0.8429871741828714,0.8376210986054213,10,01111110011101
