dataset,method,seed,fit,cv,n_feats,test_acc,test_prec,test_rec,test_f1,decisions,n_unique,n_unique_total,warmup_calls
ALLAML,"Random, 4 moves",0,0.07936832655351367,0.9200000000000002,120,0.9090909090909091,0.9375,0.875,0.8952380952380952,109,1737,1737,0
ALLAML,"UCB1, 4 moves",0,0.05950660681722535,0.9400000000000001,76,0.9090909090909091,0.9375,0.875,0.8952380952380952,98,1737,1737,0
ALLAML,"Warm UCB1, 4 moves",0,0.07930520409594599,0.9200000000000002,75,0.8181818181818182,0.8229166666666667,0.7767857142857143,0.7904761904761906,102,1570,2630,2040
ALLAML,"Random, 4 moves",1,0.03965891429372988,0.96,42,0.6363636363636364,0.625,0.6339285714285714,0.6239316239316239,132,1806,1806,0
ALLAML,"UCB1, 4 moves",1,0.03966733062140557,0.96,48,0.7272727272727273,0.7053571428571428,0.7053571428571428,0.7053571428571428,121,1566,1566,0
ALLAML,"Warm UCB1, 4 moves",1,0.019833665310702672,0.9800000000000001,24,0.7727272727272727,0.7571428571428571,0.7410714285714286,0.7471264367816092,117,1543,2646,2040
ALLAML,"Random, 4 moves",2,0.039611221770234295,0.96,8,0.8181818181818182,0.8888888888888888,0.75,0.7708333333333333,112,1590,1590,0
ALLAML,"UCB1, 4 moves",2,1.5429934072099874e-05,1.0,11,0.9090909090909091,0.9375,0.875,0.8952380952380952,111,1437,1437,0
ALLAML,"Warm UCB1, 4 moves",2,0.019819638097909854,0.9800000000000001,14,0.8636363636363636,0.9117647058823529,0.8125,0.8362282878411911,108,1439,2637,2040
ALLAML,"Random, 4 moves",3,0.03962384626174783,0.96,17,0.8636363636363636,0.9117647058823529,0.8125,0.8362282878411911,116,1793,1793,0
ALLAML,"UCB1, 4 moves",3,0.03962384626174783,0.96,17,0.8636363636363636,0.9117647058823529,0.8125,0.8362282878411911,120,1569,1569,0
ALLAML,"Warm UCB1, 4 moves",3,0.03962524898302711,0.96,18,0.8636363636363636,0.861904761904762,0.8392857142857143,0.8482758620689655,112,1568,2644,2040
ALLAML,"Random, 4 moves",4,0.019821040819189135,0.9800000000000001,15,0.6818181818181818,0.6529411764705882,0.6160714285714286,0.6178660049627791,95,1615,1615,0
ALLAML,"UCB1, 4 moves",4,0.03988334969841496,0.96,202,0.7727272727272727,0.868421052631579,0.6875,0.696969696969697,75,1506,1506,0
ALLAML,"Warm UCB1, 4 moves",4,1.683265535138168e-05,1.0,12,0.7727272727272727,0.7571428571428571,0.7410714285714286,0.7471264367816092,88,1582,2609,2040
ALLAML,"Random, 4 moves",5,0.03963647075326136,0.96,26,0.9545454545454546,0.9666666666666667,0.9375,0.9494252873563218,105,1841,1841,0
ALLAML,"UCB1, 4 moves",5,0.059481357834198285,0.9400000000000001,58,0.7727272727272727,0.7571428571428571,0.7410714285714286,0.7471264367816092,110,1585,1585,0
ALLAML,"Warm UCB1, 4 moves",5,0.059554299340720936,0.9400000000000001,110,0.8181818181818182,0.8229166666666667,0.7767857142857143,0.7904761904761906,104,1611,2772,2040
ALLAML,"Random, 4 moves",6,0.05949117688315326,0.9400000000000001,65,0.7272727272727273,0.7361111111111112,0.6517857142857143,0.65625,110,1772,1772,0
ALLAML,"UCB1, 4 moves",6,0.0396953850469912,0.96,68,0.8181818181818182,0.8888888888888888,0.75,0.7708333333333333,94,1684,1684,0
ALLAML,"Warm UCB1, 4 moves",6,0.03969819048954976,0.96,70,0.7272727272727273,0.7361111111111112,0.6517857142857143,0.65625,114,2207,3399,2040
ALLAML,"Random, 4 moves",7,0.09907434422780191,0.9,53,0.8181818181818182,0.8229166666666667,0.7767857142857143,0.7904761904761906,114,1867,1867,0
ALLAML,"UCB1, 4 moves",7,0.0990757469490812,0.9,54,0.8636363636363636,0.861904761904762,0.8392857142857143,0.8482758620689655,120,1589,1589,0
ALLAML,"Warm UCB1, 4 moves",7,0.05941683265535132,0.9400000000000001,12,0.7727272727272727,0.7823529411764706,0.7142857142857143,0.7270471464019852,115,1544,2566,2040
ALLAML,"Random, 4 moves",8,0.039622443540468545,0.96,16,0.9090909090909091,0.9375,0.875,0.8952380952380952,100,1759,1759,0
ALLAML,"UCB1, 4 moves",8,0.05943506803198199,0.9400000000000001,25,0.8636363636363636,0.9117647058823529,0.8125,0.8362282878411911,115,1566,1566,0
ALLAML,"Warm UCB1, 4 moves",8,0.03964208163837849,0.96,30,0.8636363636363636,0.9117647058823529,0.8125,0.8362282878411911,118,1522,2690,2040
ALLAML,"Random, 4 moves",9,0.0396336653107028,0.96,24,0.8181818181818182,0.8229166666666667,0.7767857142857143,0.7904761904761906,126,1763,1763,0
ALLAML,"UCB1, 4 moves",9,0.039643484359657775,0.96,31,0.7727272727272727,0.7823529411764706,0.7142857142857143,0.7270471464019852,93,1572,1572,0
ALLAML,"Warm UCB1, 4 moves",9,0.05951642586618033,0.9400000000000001,83,0.7272727272727273,0.7361111111111112,0.6517857142857143,0.65625,108,1758,2766,2040
Backache,"Random, 4 moves",0,0.30524999999999985,0.6954545454545455,12,0.48936170212765956,0.4339622641509434,0.48936170212765956,0.46,115,1161,1161,0
Backache,"UCB1, 4 moves",0,0.2692767857142857,0.7308441558441559,9,0.560790273556231,0.6923076923076923,0.560790273556231,0.5757575757575757,107,1008,1008,0
Backache,"Warm UCB1, 4 moves",0,0.2748035714285714,0.7268398268398268,14,0.46808510638297873,0.43137254901960786,0.46808510638297873,0.4489795918367347,114,1066,1770,2040
Backache,"Random, 4 moves",1,0.3119375000000001,0.687121212121212,7,0.5625,0.9339622641509434,0.5625,0.5757575757575757,123,1176,1176,0
Backache,"UCB1, 4 moves",1,0.316625,0.6833333333333333,10,0.5625,0.9339622641509434,0.5625,0.5757575757575757,92,1013,1013,0
Backache,"Warm UCB1, 4 moves",1,0.32961607142857147,0.6692640692640692,7,0.5625,0.9339622641509434,0.5625,0.5757575757575757,99,1029,1660,2040
Backache,"Random, 4 moves",2,0.24964285714285714,0.7516233766233766,12,0.48936170212765956,0.4339622641509434,0.48936170212765956,0.46,107,1516,1516,0
Backache,"UCB1, 4 moves",2,0.24136607142857136,0.760930735930736,15,0.48936170212765956,0.4339622641509434,0.48936170212765956,0.46,104,1353,1353,0
Backache,"Warm UCB1, 4 moves",2,0.23696428571428566,0.7656926406926408,16,0.5,0.4351851851851852,0.5,0.46534653465346537,109,997,1725,2040
Backache,"Random, 4 moves",3,0.2683392857142857,0.7308441558441559,6,0.4574468085106383,0.43,0.4574468085106383,0.44329896907216493,103,1144,1144,0
Backache,"UCB1, 4 moves",3,0.28890178571428576,0.7103896103896103,7,0.4787234042553192,0.4326923076923077,0.4787234042553192,0.45454545454545453,109,1005,1005,0
Backache,"Warm UCB1, 4 moves",3,0.25830357142857135,0.7397186147186148,2,0.5,0.4351851851851852,0.5,0.46534653465346537,110,1020,1715,2040
Backache,"Random, 4 moves",4,0.32843750000000005,0.6704545454545454,7,0.48936170212765956,0.4339622641509434,0.48936170212765956,0.46,93,885,885,0
Backache,"UCB1, 4 moves",4,0.31268750000000006,0.6863636363636363,7,0.5501519756838906,0.6078431372549019,0.5501519756838906,0.5591836734693878,116,1098,1098,0
Backache,"Warm UCB1, 4 moves",4,0.32812500000000006,0.6704545454545454,6,0.5,0.4351851851851852,0.5,0.46534653465346537,97,935,1653,2040
Backache,"Random, 4 moves",5,0.33752678571428574,0.6619047619047619,9,0.5516304347826086,0.6826923076923077,0.5516304347826086,0.5591836734693878,94,1068,1068,0
Backache,"UCB1, 4 moves",5,0.337,0.6621212121212121,8,0.5516304347826086,0.6826923076923077,0.5516304347826086,0.5591836734693878,106,1120,1120,0
Backache,"Warm UCB1, 4 moves",5,0.346,0.6530303030303031,8,0.5407608695652174,0.5980392156862745,0.5407608695652174,0.5445173383317713,113,1067,1775,2040
Backache,"Random, 4 moves",6,0.3109017857142857,0.6906926406926407,15,0.46808510638297873,0.43137254901960786,0.46808510638297873,0.4489795918367347,104,1171,1171,0
Backache,"UCB1, 4 moves",6,0.3109017857142857,0.6906926406926407,15,0.4574468085106383,0.43,0.4574468085106383,0.44329896907216493,113,1021,1021,0
Backache,"Warm UCB1, 4 moves",6,0.26015178571428577,0.7406926406926406,11,0.4969604863221885,0.49728260869565216,0.4969604863221885,0.4967741935483871,110,1152,1830,2040
Backache,"Random, 4 moves",7,0.2932499999999999,0.7075757575757576,12,0.5407608695652174,0.5980392156862745,0.5407608695652174,0.5445173383317713,105,1310,1310,0
Backache,"UCB1, 4 moves",7,0.2851517857142857,0.7141774891774892,7,0.5516304347826086,0.6826923076923077,0.5516304347826086,0.5591836734693878,110,1083,1083,0
Backache,"Warm UCB1, 4 moves",7,0.32143750000000004,0.6787878787878787,11,0.5516304347826086,0.6826923076923077,0.5516304347826086,0.5591836734693878,106,1130,1825,2040
Backache,"Random, 4 moves",8,0.30212500000000003,0.6992424242424242,14,0.5190217391304348,0.5285714285714286,0.5190217391304348,0.5190283400809717,98,1128,1128,0
Backache,"UCB1, 4 moves",8,0.26008928571428575,0.7391774891774892,6,0.5923913043478262,0.6387755102040816,0.5923913043478262,0.6064777327935222,101,1094,1094,0
Backache,"Warm UCB1, 4 moves",8,0.31550000000000006,0.6863636363636363,16,0.5516304347826086,0.6826923076923077,0.5516304347826086,0.5591836734693878,104,1068,1821,2040
Backache,"Random, 4 moves",9,0.30015178571428563,0.6990259740259741,7,0.5896656534954408,0.5896656534954408,0.5896656534954408,0.5896656534954408,117,1235,1235,0
Backache,"UCB1, 4 moves",9,0.34483928571428574,0.6535714285714286,6,0.5501519756838906,0.6078431372549019,0.5501519756838906,0.5591836734693878,112,1096,1096,0
Backache,"Warm UCB1, 4 moves",9,0.35090178571428576,0.649025974025974,11,0.560790273556231,0.6923076923076923,0.560790273556231,0.5757575757575757,109,1043,1770,2040
Dermatology,"Random, 4 moves",0,0.01999614845938373,0.9836640211640212,13,0.9506535947712419,0.964795008912656,0.9506535947712419,0.952790346907994,121,1280,1280,0
Dermatology,"UCB1, 4 moves",0,0.019732668067226948,0.9848214285714285,16,0.9479797979797979,0.964935064935065,0.9479797979797979,0.9514008797628616,113,1128,1128,0
Dermatology,"Warm UCB1, 4 moves",0,0.020290266106442557,0.9836640211640212,14,0.9241830065359476,0.9455128205128206,0.9241830065359476,0.9295371295371294,101,984,1637,2040
Dermatology,"Random, 4 moves",1,0.015016806722689043,0.9904761904761905,19,0.9814814814814815,0.9803921568627452,0.9814814814814815,0.979779411764706,120,1180,1180,0
Dermatology,"UCB1, 4 moves",1,0.018977591036414592,0.9867724867724867,20,0.9592592592592593,0.9592592592592593,0.9592592592592593,0.9592592592592593,106,1068,1068,0
Dermatology,"Warm UCB1, 4 moves",1,0.018095238095238123,0.9867724867724867,17,0.9703703703703703,0.9693627450980392,0.9703703703703703,0.9695852534562212,111,1090,1740,2040
Dermatology,"Random, 4 moves",2,0.023889355742296815,0.9812169312169313,18,0.9765795206971678,0.9705882352941178,0.9765795206971678,0.9728100568585644,92,1173,1173,0
Dermatology,"UCB1, 4 moves",2,0.013872549019607775,0.9907407407407408,16,0.9191721132897603,0.9353070175438596,0.9191721132897603,0.9235373932476655,119,1136,1136,0
Dermatology,"Warm UCB1, 4 moves",2,0.019242647058823587,0.9847222222222222,14,0.9276094276094274,0.9440789473684211,0.9276094276094274,0.9319529080130994,110,1086,1878,2040
Dermatology,"Random, 4 moves",3,0.014557422969187718,0.9915343915343915,21,0.9703703703703703,0.9693627450980392,0.9703703703703703,0.9695852534562212,99,1314,1314,0
Dermatology,"UCB1, 4 moves",3,0.008666666666666618,0.9962962962962963,17,0.9543572984749455,0.9514619883040935,0.9543572984749455,0.9527676930662006,92,1030,1030,0
Dermatology,"Warm UCB1, 4 moves",3,0.013803921568627461,0.9925925925925926,22,0.9543572984749455,0.9514619883040935,0.9543572984749455,0.9527676930662006,80,1040,1794,2040
Dermatology,"Random, 4 moves",4,0.02405357142857136,0.9807539682539683,17,0.9685185185185187,0.9705513784461153,0.9685185185185187,0.9692451071761417,109,1023,1023,0
Dermatology,"UCB1, 4 moves",4,0.025920168067227037,0.9785714285714284,16,0.9424242424242424,0.9657738095238096,0.9424242424242424,0.9508708970449407,119,1074,1074,0
Dermatology,"Warm UCB1, 4 moves",4,0.025626050420167995,0.9785714285714286,15,0.9500000000000001,0.9819688109161794,0.9500000000000001,0.9636773136773137,114,1081,1785,2040
Dermatology,"Random, 4 moves",5,0.017964285714285558,0.9869047619047621,17,0.9629629629629629,0.9649122807017544,0.9629629629629629,0.9595588235294118,96,1155,1155,0
Dermatology,"UCB1, 4 moves",5,0.014426470588235374,0.9916666666666666,21,0.9500000000000001,0.9554096638655462,0.9500000000000001,0.9513962381554321,110,1045,1045,0
Dermatology,"Warm UCB1, 4 moves",5,0.018847689075630312,0.9863095238095237,18,0.9518518518518518,0.9518518518518518,0.9518518518518518,0.9494949494949495,111,1231,1938,2040
Dermatology,"Random, 4 moves",6,0.01354516806722697,0.9910714285714285,16,0.9407407407407407,0.9406702898550724,0.9407407407407407,0.9400028111603064,99,1116,1116,0
Dermatology,"UCB1, 4 moves",6,0.016195903361344497,0.9889880952380953,18,0.9407407407407407,0.9399509803921569,0.9407407407407407,0.9393382352941176,114,1038,1038,0
Dermatology,"Warm UCB1, 4 moves",6,0.014331932773109207,0.9896825396825397,14,0.9462962962962963,0.9543650793650794,0.9462962962962963,0.9477682811016145,110,1085,1771,2040
Dermatology,"Random, 4 moves",7,0.0130868347338936,0.9915343915343915,16,0.9090909090909092,0.9107142857142857,0.9090909090909092,0.9093121737784718,95,1219,1219,0
Dermatology,"UCB1, 4 moves",7,0.021926120448179286,0.9826058201058201,16,0.9313131313131313,0.934126984126984,0.9313131313131313,0.9325974609594428,109,1079,1079,0
Dermatology,"Warm UCB1, 4 moves",7,0.020584383753501377,0.9836640211640212,15,0.9543572984749455,0.9542580921257392,0.9543572984749455,0.9539617973008014,113,1193,1872,2040
Dermatology,"Random, 4 moves",8,0.012368697478991674,0.9910714285714285,12,0.9444444444444443,0.9637681159420289,0.9444444444444443,0.9463414634146341,88,990,990,0
Dermatology,"UCB1, 4 moves",8,0.014862815126050513,0.9888492063492063,13,0.9444444444444443,0.9637681159420289,0.9444444444444443,0.9463414634146341,106,1051,1051,0
Dermatology,"Warm UCB1, 4 moves",8,0.021007352941176526,0.9847222222222222,20,0.9685185185185187,0.9705513784461153,0.9685185185185187,0.9692451071761417,111,1063,1729,2040
Dermatology,"Random, 4 moves",9,0.029717787114845778,0.9747354497354499,16,0.9535353535353536,0.9525462962962963,0.9535353535353536,0.9512636626179717,125,1278,1278,0
Dermatology,"UCB1, 4 moves",9,0.01678886554621855,0.9863095238095237,11,0.9813131313131312,0.9801169590643274,0.9813131313131312,0.9805084153921363,104,1046,1046,0
Dermatology,"Warm UCB1, 4 moves",9,0.02454516806722693,0.9799603174603174,16,0.9609427609427609,0.960233918128655,0.9609427609427609,0.9603882952720162,108,1131,1773,2040
GLIOMA,"Random, 4 moves",0,0.11319698434177453,0.8857142857142858,24,0.4666666666666667,0.59375,0.55,0.4583333333333333,116,1569,1569,0
GLIOMA,"UCB1, 4 moves",0,0.16979547651266194,0.8285714285714285,36,0.8,0.7708333333333333,0.8125,0.7803571428571429,121,1533,1533,0
GLIOMA,"Warm UCB1, 4 moves",0,0.16979096591275217,0.8285714285714285,34,0.8666666666666667,0.8541666666666666,0.875,0.8517857142857143,118,1593,2680,2040
GLIOMA,"Random, 4 moves",1,0.08495637605515821,0.9142857142857143,44,0.8666666666666667,0.9,0.825,0.8333333333333333,125,1701,1701,0
GLIOMA,"UCB1, 4 moves",1,0.11323757974096262,0.8857142857142858,42,0.7333333333333333,0.7291666666666666,0.7125,0.7,101,1561,1561,0
GLIOMA,"Warm UCB1, 4 moves",1,0.1698135189123011,0.8285714285714285,44,0.8666666666666667,0.8666666666666667,0.8875,0.8587301587301587,86,1401,2440,2040
GLIOMA,"Random, 4 moves",2,0.1414624009278949,0.8571428571428571,15,0.7333333333333333,0.6083333333333334,0.625,0.6082251082251082,117,1751,1751,0
GLIOMA,"UCB1, 4 moves",2,0.11318345254204516,0.8857142857142858,18,0.8,0.7708333333333334,0.75,0.7540584415584416,119,1441,1441,0
GLIOMA,"Warm UCB1, 4 moves",2,0.1414646562278498,0.8571428571428571,16,0.8,0.7708333333333334,0.75,0.7540584415584416,120,1431,2447,2040
GLIOMA,"Random, 4 moves",3,0.14155937882595512,0.8571428571428573,58,0.9333333333333333,0.95,0.875,0.8888888888888888,103,1698,1698,0
GLIOMA,"UCB1, 4 moves",3,0.11319923964172943,0.8857142857142858,25,0.7333333333333333,0.7416666666666667,0.775,0.7192460317460317,111,1444,1444,0
GLIOMA,"Warm UCB1, 4 moves",3,0.14170597332302345,0.8571428571428571,123,0.8,0.8452380952380952,0.8125,0.7892857142857143,99,1631,2703,2040
GLIOMA,"Random, 4 moves",4,0.1697751788130679,0.8285714285714285,27,0.8,0.8374999999999999,0.7625,0.7763888888888888,106,1417,1417,0
GLIOMA,"UCB1, 4 moves",4,0.16975713641342874,0.8285714285714285,19,0.8,0.875,0.75,0.7606060606060606,116,1352,1352,0
GLIOMA,"Warm UCB1, 4 moves",4,0.08493156775565439,0.9142857142857143,33,0.8,0.875,0.75,0.7606060606060606,116,1473,2566,2040
GLIOMA,"Random, 4 moves",5,0.1415052516270379,0.8571428571428571,34,0.8,0.8660714285714286,0.75,0.7767857142857143,103,1720,1720,0
GLIOMA,"UCB1, 4 moves",5,0.169770668213158,0.8285714285714286,25,0.6,0.47500000000000003,0.5125,0.49166666666666664,81,1462,1462,0
GLIOMA,"Warm UCB1, 4 moves",5,0.19957194406856107,0.8,697,0.7333333333333333,0.7827380952380952,0.6875,0.7053571428571428,38,1605,2466,2040
GLIOMA,"Random, 4 moves",6,0.14148495392744384,0.8571428571428571,25,0.8,0.8375,0.8375,0.8333333333333333,88,1681,1681,0
GLIOMA,"UCB1, 4 moves",6,0.1415345705264515,0.8571428571428571,47,0.7333333333333333,0.7333333333333333,0.775,0.7428571428571429,91,1648,1648,0
GLIOMA,"Warm UCB1, 4 moves",6,0.14159546362523365,0.8571428571428571,74,0.6,0.6428571428571428,0.6375,0.5833333333333333,103,1543,2596,2040
GLIOMA,"Random, 4 moves",7,0.14180746182099369,0.8571428571428571,168,0.6666666666666666,0.7125,0.7125,0.6666666666666666,103,1844,1844,0
GLIOMA,"UCB1, 4 moves",7,0.05664134287003031,0.9428571428571428,31,0.9333333333333333,0.9583333333333334,0.9375,0.9415584415584416,103,1744,1744,0
GLIOMA,"Warm UCB1, 4 moves",7,0.11357587473419672,0.8857142857142858,192,0.8,0.8333333333333334,0.8125,0.7748917748917749,73,1438,2387,2040
GLIOMA,"Random, 4 moves",8,0.08504433275339908,0.9142857142857143,83,0.7333333333333333,0.7,0.7,0.7,103,2058,2058,0
GLIOMA,"UCB1, 4 moves",8,0.16979322121270704,0.8285714285714285,35,0.7333333333333333,0.7625,0.7625,0.7208333333333332,112,1601,1601,0
GLIOMA,"Warm UCB1, 4 moves",8,0.16981351891230098,0.8285714285714286,44,0.8,0.8333333333333333,0.825,0.8246753246753247,115,1632,2552,2040
GLIOMA,"Random, 4 moves",9,0.0849270571557446,0.9142857142857143,31,0.8666666666666667,0.9285714285714286,0.875,0.875,126,1699,1699,0
GLIOMA,"UCB1, 4 moves",9,0.08493833365551906,0.9142857142857143,36,0.7333333333333333,0.7410714285714286,0.6875,0.6875,113,1541,1541,0
GLIOMA,"Warm UCB1, 4 moves",9,0.17012926090598615,0.8285714285714286,184,0.8666666666666667,0.9083333333333333,0.8125,0.8304473304473304,79,1481,2399,2040
GSE93272,"Random, 4 moves",0,0.06983799999999994,0.93,269,0.8295454545454546,0.8020833333333333,0.8295454545454546,0.8012820512820513,106,1813,1813,0
GSE93272,"UCB1, 4 moves",0,0.07163199999999996,0.9277777777777778,66,0.8545454545454545,0.8277310924369747,0.8545454545454545,0.8324324324324325,115,1612,1612,0
GSE93272,"Warm UCB1, 4 moves",0,0.061719999999999955,0.9377777777777778,60,0.8545454545454545,0.8277310924369747,0.8545454545454545,0.8324324324324325,115,1622,2753,2040
GSE93272,"Random, 4 moves",1,0.03088800000000009,0.9688888888888888,44,0.9295454545454545,0.9295454545454545,0.9295454545454545,0.9295454545454545,115,1651,1651,0
GSE93272,"UCB1, 4 moves",1,0.05183199999999995,0.9477777777777778,66,0.95,0.9230769230769231,0.95,0.9320175438596491,98,2294,2294,0
GSE93272,"Warm UCB1, 4 moves",1,0.053971999999999964,0.9455555555555556,36,0.8590909090909091,0.8590909090909091,0.8590909090909091,0.8590909090909091,118,1503,2574,2040
GSE93272,"Random, 4 moves",2,0.06338599999999991,0.9366666666666668,343,0.7431818181818182,0.7547619047619047,0.7431818181818182,0.7479674796747967,87,1813,1813,0
GSE93272,"UCB1, 4 moves",2,0.011083999999999962,0.9888888888888889,42,0.7431818181818182,0.7547619047619047,0.7431818181818182,0.7479674796747967,110,1487,1487,0
GSE93272,"Warm UCB1, 4 moves",2,0.03100600000000009,0.9688888888888888,103,0.7681818181818182,0.797979797979798,0.7681818181818182,0.7785714285714285,68,1610,2540,2040
GSE93272,"Random, 4 moves",3,0.0627799999999999,0.9366666666666668,40,0.8545454545454545,0.8277310924369747,0.8545454545454545,0.8324324324324325,105,1743,1743,0
GSE93272,"UCB1, 4 moves",3,0.09269599999999983,0.9066666666666668,148,0.8090909090909091,0.7905982905982906,0.8090909090909091,0.7960526315789473,101,1684,1684,0
GSE93272,"Warm UCB1, 4 moves",3,0.07374599999999987,0.9255555555555557,23,0.7840909090909092,0.7626050420168067,0.7840909090909092,0.7654054054054054,89,1669,2891,2040
GSE93272,"Random, 4 moves",4,0.08265800000000004,0.9166666666666666,79,0.7840909090909092,0.7626050420168067,0.7840909090909092,0.7654054054054054,102,1538,1538,0
GSE93272,"UCB1, 4 moves",4,0.060636,0.9388888888888889,68,0.7431818181818182,0.7547619047619047,0.7431818181818182,0.7479674796747967,100,1871,1871,0
GSE93272,"Warm UCB1, 4 moves",4,0.05187999999999995,0.9477777777777778,90,0.8590909090909091,0.8590909090909091,0.8590909090909091,0.8590909090909091,107,1993,2989,2040
GSE93272,"Random, 4 moves",5,0.05287000000000001,0.9466666666666667,35,0.7181818181818183,0.7181818181818183,0.7181818181818183,0.7181818181818183,104,1778,1778,0
GSE93272,"UCB1, 4 moves",5,0.042944,0.9566666666666667,22,0.7886363636363636,0.7886363636363636,0.7886363636363636,0.7886363636363636,110,1512,1512,0
GSE93272,"Warm UCB1, 4 moves",5,0.08520200000000006,0.9144444444444444,251,0.8795454545454545,0.8568376068376069,0.8795454545454545,0.8640350877192983,104,1657,2845,2040
GSE93272,"Random, 4 moves",6,0.022069999999999923,0.9777777777777779,35,0.9045454545454545,0.8903508771929824,0.9045454545454545,0.8963210702341138,99,1655,1655,0
GSE93272,"UCB1, 4 moves",6,0.047019999999999944,0.9527777777777778,135,0.7227272727272727,0.7663043478260869,0.7227272727272727,0.7343941248470012,99,1956,1956,0
GSE93272,"Warm UCB1, 4 moves",6,0.04186800000000005,0.9577777777777777,34,0.8590909090909091,0.8590909090909091,0.8590909090909091,0.8590909090909091,113,1502,2477,2040
GSE93272,"Random, 4 moves",7,0.05417599999999996,0.9455555555555556,138,0.8545454545454545,0.8277310924369747,0.8545454545454545,0.8324324324324325,96,1986,1986,0
GSE93272,"UCB1, 4 moves",7,0.09036200000000003,0.9088888888888889,81,0.9045454545454545,0.8903508771929824,0.9045454545454545,0.8963210702341138,93,1626,1626,0
GSE93272,"Warm UCB1, 4 moves",7,0.07265600000000014,0.9266666666666665,28,0.8340909090909091,0.8223684210526316,0.8340909090909091,0.8272017837235228,118,1524,2675,2040
GSE93272,"Random, 4 moves",8,0.07164200000000008,0.9277777777777777,71,0.9295454545454545,0.9295454545454545,0.9295454545454545,0.9295454545454545,96,2141,2141,0
GSE93272,"UCB1, 4 moves",8,0.08154600000000008,0.9177777777777777,73,1.0,1.0,1.0,1.0,103,1899,1899,0
GSE93272,"Warm UCB1, 4 moves",8,0.06172999999999995,0.9377777777777778,65,0.8136363636363637,0.8285714285714285,0.8136363636363637,0.8199767711962833,108,1498,2621,2040
GSE93272,"Random, 4 moves",9,0.04196400000000005,0.9577777777777777,82,0.8386363636363636,0.8762626262626263,0.8386363636363636,0.8523809523809525,128,1750,1750,0
GSE93272,"UCB1, 4 moves",9,0.04193800000000005,0.9577777777777777,69,0.884090909090909,0.9023809523809524,0.884090909090909,0.89198606271777,94,1540,1540,0
GSE93272,"Warm UCB1, 4 moves",9,0.07289400000000014,0.9266666666666665,147,0.9545454545454546,0.9761904761904762,0.9545454545454546,0.9639953542392566,110,1600,2621,2040
Hepatitis,"Random, 4 moves",0,0.2246547987616099,0.776797385620915,7,0.7824324324324324,0.7488095238095238,0.7824324324324324,0.7626262626262625,121,1047,1047,0
Hepatitis,"UCB1, 4 moves",0,0.22412848297213622,0.776797385620915,6,0.7094594594594594,0.7483974358974359,0.7094594594594594,0.7251461988304093,110,975,975,0
Hepatitis,"Warm UCB1, 4 moves",0,0.1546256965944273,0.8464705882352941,5,0.5689189189189189,0.5745614035087719,0.5689189189189189,0.5712280701754386,105,980,1641,2040
Hepatitis,"Random, 4 moves",1,0.2373758513931889,0.7623529411764706,4,0.768918918918919,0.7251131221719457,0.768918918918919,0.7409675443968157,131,1245,1245,0
Hepatitis,"UCB1, 4 moves",1,0.23648095975232195,0.7659150326797386,9,0.6594594594594595,0.7107142857142856,0.6594594594594595,0.6768525592055004,124,1078,1078,0
Hepatitis,"Warm UCB1, 4 moves",1,0.2557419504643963,0.7491176470588236,14,0.6824324324324325,0.6824324324324325,0.6824324324324325,0.6824324324324325,113,1054,1761,2040
Hepatitis,"Random, 4 moves",2,0.1302339009287925,0.8732352941176471,9,0.6324324324324324,0.6432748538011696,0.6324324324324324,0.6371929824561404,107,1167,1167,0
Hepatitis,"UCB1, 4 moves",2,0.1302339009287925,0.8732352941176471,9,0.6324324324324324,0.6432748538011696,0.6324324324324324,0.6371929824561404,112,1013,1013,0
Hepatitis,"Warm UCB1, 4 moves",2,0.1696444272445821,0.8376797385620914,17,0.5824324324324325,0.5977564102564102,0.5824324324324325,0.587719298245614,104,998,1654,2040
Hepatitis,"Random, 4 moves",3,0.16612832817337464,0.8359150326797385,7,0.595945945945946,0.6267857142857143,0.595945945945946,0.6050420168067226,115,1317,1317,0
Hepatitis,"UCB1, 4 moves",3,0.20025201238390097,0.8009150326797385,6,0.5824324324324325,0.5977564102564102,0.5824324324324325,0.587719298245614,114,995,995,0
Hepatitis,"Warm UCB1, 4 moves",3,0.14064922600619195,0.8605882352941177,5,0.6324324324324324,0.6432748538011696,0.6324324324324324,0.6371929824561404,109,1009,1737,2040
Hepatitis,"Random, 4 moves",4,0.1886286377708978,0.812124183006536,5,0.65,0.9204545454545454,0.65,0.6875593542260209,99,882,882,0
Hepatitis,"UCB1, 4 moves",4,0.1965574303405572,0.8062418300653595,9,0.6594594594594595,0.7107142857142856,0.6594594594594595,0.6768525592055004,122,1058,1058,0
Hepatitis,"Warm UCB1, 4 moves",4,0.1818992260061919,0.818921568627451,5,0.6418918918918919,0.6187782805429864,0.6418918918918919,0.6258420085731782,112,972,1735,2040
Hepatitis,"Random, 4 moves",5,0.17902848297213608,0.8223529411764707,6,0.6824324324324325,0.6824324324324325,0.6824324324324325,0.6824324324324325,103,1242,1242,0
Hepatitis,"UCB1, 4 moves",5,0.19585201238390096,0.805359477124183,6,0.6824324324324325,0.6824324324324325,0.6824324324324325,0.6824324324324325,116,991,991,0
Hepatitis,"Warm UCB1, 4 moves",5,0.17902848297213608,0.8223529411764707,6,0.6824324324324325,0.6824324324324325,0.6824324324324325,0.6824324324324325,103,921,1623,2040
Hepatitis,"Random, 4 moves",6,0.23457848297213618,0.7662418300653595,6,0.672972972972973,0.7601626016260162,0.672972972972973,0.6987179487179487,101,1017,1017,0
Hepatitis,"UCB1, 4 moves",6,0.2552046439628484,0.746470588235294,8,0.7594594594594595,0.7807017543859649,0.7594594594594595,0.7691228070175438,115,966,966,0
Hepatitis,"Warm UCB1, 4 moves",6,0.26313343653250776,0.7405882352941177,12,0.6959459459459459,0.7119883040935673,0.6959459459459459,0.7031578947368421,116,986,1669,2040
Hepatitis,"Random, 4 moves",7,0.18024922600619186,0.8205882352941177,5,0.4689189189189189,0.45892857142857146,0.4689189189189189,0.46142093200916734,110,1165,1165,0
Hepatitis,"UCB1, 4 moves",7,0.1578199690402476,0.8427124183006537,4,0.5324324324324324,0.5428571428571429,0.5324324324324324,0.533231474407945,123,1003,1003,0
Hepatitis,"Warm UCB1, 4 moves",7,0.1672046439628483,0.835359477124183,8,0.6094594594594595,0.6646341463414633,0.6094594594594595,0.6233974358974359,122,1043,1709,2040
Hepatitis,"Random, 4 moves",8,0.12245185758513938,0.880032679738562,7,0.7594594594594595,0.7807017543859649,0.7594594594594595,0.7691228070175438,98,1075,1075,0
Hepatitis,"UCB1, 4 moves",8,0.19704907120743023,0.8041503267973857,6,0.722972972972973,0.7946428571428572,0.722972972972973,0.7486631016042781,112,988,988,0
Hepatitis,"Warm UCB1, 4 moves",8,0.24583095975232197,0.7564705882352941,9,0.7,0.9302325581395349,0.7,0.7482142857142857,116,951,1571,2040
Hepatitis,"Random, 4 moves",9,0.19390216718266262,0.806797385620915,5,0.6554054054054055,0.6369047619047619,0.6554054054054055,0.6439393939393939,126,1182,1182,0
Hepatitis,"UCB1, 4 moves",9,0.16365216718266262,0.8373529411764705,5,0.5594594594594595,0.6047619047619048,0.5594594594594595,0.5637130801687764,113,949,949,0
Hepatitis,"Warm UCB1, 4 moves",9,0.1546153250773993,0.8517973856209151,15,0.5594594594594595,0.6047619047619048,0.5594594594594595,0.5637130801687764,108,1044,1724,2040
SPECTF,"Random, 4 moves",0,0.16270139860139857,0.8416239316239317,26,0.7461433756805809,0.7214285714285714,0.7461433756805809,0.7303082191780822,128,1336,1336,0
SPECTF,"UCB1, 4 moves",0,0.15426268731268733,0.8485409035409035,19,0.7313974591651542,0.7266666666666667,0.7313974591651542,0.7289258053653609,115,1156,1156,0
SPECTF,"Warm UCB1, 4 moves",0,0.1677152847152848,0.8344932844932844,17,0.7248185117967332,0.7159982563208369,0.7248185117967332,0.72,113,1479,2349,2040
SPECTF,"Random, 4 moves",1,0.16255989010989014,0.8408485958485958,22,0.7436479128856625,0.7086247086247086,0.7436479128856625,0.7172742336371168,131,1352,1352,0
SPECTF,"UCB1, 4 moves",1,0.1553096403596404,0.849090354090354,26,0.6229582577132486,0.6160102739726028,0.6229582577132486,0.6187699416877545,122,1202,1202,0
SPECTF,"Warm UCB1, 4 moves",1,0.15935514485514482,0.8413308913308913,10,0.8200998185117967,0.8075414123801221,0.8200998185117967,0.8133333333333332,103,1117,1932,2040
SPECTF,"Random, 4 moves",2,0.12691483516483537,0.8743284493284491,11,0.7016787658802177,0.6619897959183674,0.7016787658802177,0.6532634032634033,101,1303,1303,0
SPECTF,"UCB1, 4 moves",2,0.11494790209790198,0.8875641025641027,16,0.7107531760435571,0.6730625931445604,0.7107531760435571,0.6745325467453255,115,1198,1198,0
SPECTF,"Warm UCB1, 4 moves",2,0.1221401098901099,0.8791514041514041,11,0.7452359346642468,0.6991525423728814,0.7452359346642468,0.6992592592592592,109,1154,1952,2040
SPECTF,"Random, 4 moves",3,0.19923566433566434,0.801965811965812,14,0.712568058076225,0.7565717415115005,0.712568058076225,0.7280799112097669,118,1339,1339,0
SPECTF,"UCB1, 4 moves",3,0.19493111888111883,0.8058547008547009,12,0.7962794918330309,0.7846556233653008,0.7962794918330309,0.79,116,1102,1102,0
SPECTF,"Warm UCB1, 4 moves",3,0.1801538461538462,0.823076923076923,22,0.7822141560798548,0.7317436661698957,0.7822141560798548,0.7375262473752624,120,1062,1853,2040
SPECTF,"Random, 4 moves",4,0.16484450549450533,0.8385409035409037,22,0.7329854809437386,0.704093799682035,0.7329854809437386,0.7127525252525253,98,1176,1176,0
SPECTF,"UCB1, 4 moves",4,0.14577697302697296,0.8571123321123322,19,0.7304900181488203,0.6935975609756098,0.7304900181488203,0.7,116,1202,1202,0
SPECTF,"Warm UCB1, 4 moves",4,0.15814040959040968,0.8437057387057386,15,0.661524500907441,0.6414944356120826,0.661524500907441,0.6464646464646464,94,1252,2064,2040
SPECTF,"Random, 4 moves",5,0.13717517482517474,0.8653418803418804,17,0.7978675136116153,0.7578554595443834,0.7978675136116153,0.7698570086629788,105,1339,1339,0
SPECTF,"UCB1, 4 moves",5,0.13370979020979032,0.8713675213675213,28,0.7806261343012704,0.7458267090620032,0.7806261343012704,0.7569444444444444,103,1086,1086,0
SPECTF,"Warm UCB1, 4 moves",5,0.13131993006993006,0.8728632478632479,24,0.7674682395644283,0.729020979020979,0.7674682395644283,0.7390223695111848,117,1114,1851,2040
SPECTF,"Random, 4 moves",6,0.14890659340659346,0.8546398046398046,22,0.7599818511796733,0.7080610021786492,0.7599818511796733,0.6971153846153846,103,1248,1248,0
SPECTF,"UCB1, 4 moves",6,0.19246903096903095,0.8108669108669109,23,0.7953720508166969,0.746031746031746,0.7953720508166969,0.7552943560644443,111,1171,1171,0
SPECTF,"Warm UCB1, 4 moves",6,0.13998321678321687,0.8627350427350426,18,0.6950998185117967,0.6563636363636364,0.6950998185117967,0.6448932263986858,109,1049,1798,2040
SPECTF,"Random, 4 moves",7,0.16357027972027977,0.837991452991453,14,0.7025862068965517,0.6753731343283582,0.7025862068965517,0.6821834881536374,111,1500,1500,0
SPECTF,"UCB1, 4 moves",7,0.10106368631368619,0.9011294261294263,14,0.845508166969147,0.799096622152396,0.845508166969147,0.8136937689176496,108,1124,1124,0
SPECTF,"Warm UCB1, 4 moves",7,0.1658936563436562,0.8365628815628817,18,0.7912885662431942,0.7494172494172494,0.7912885662431942,0.7607705053852527,115,1074,1812,2040
SPECTF,"Random, 4 moves",8,0.13502842157842157,0.8681990231990232,20,0.8003629764065335,0.7742336371168186,0.8003629764065335,0.7845804988662131,96,1254,1254,0
SPECTF,"UCB1, 4 moves",8,0.1601471028971028,0.8428266178266179,20,0.7009981851179673,0.6931124673060156,0.7009981851179673,0.6966666666666667,120,1171,1171,0
SPECTF,"Warm UCB1, 4 moves",8,0.14558711288711296,0.8563858363858363,15,0.8373411978221416,0.8182791095890412,0.8373411978221416,0.8267136098580702,112,1117,1908,2040
SPECTF,"Random, 4 moves",9,0.17430819180819188,0.8296703296703296,25,0.7912885662431942,0.7494172494172494,0.7912885662431942,0.7607705053852527,130,1413,1413,0
SPECTF,"UCB1, 4 moves",9,0.1501492507492507,0.8536141636141636,23,0.8101179673321235,0.7507336757153338,0.8101179673321235,0.7525530243519246,108,1391,1391,0
SPECTF,"Warm UCB1, 4 moves",9,0.16997832167832164,0.8342735042735043,26,0.7009981851179673,0.6931124673060156,0.7009981851179673,0.6966666666666667,111,1169,1958,2040
WDBC,"Random, 4 moves",0,0.022821379310345002,0.9809885057471263,12,0.9407126168224299,0.9354978354978355,0.9407126168224299,0.9379535558780843,123,1223,1223,0
WDBC,"UCB1, 4 moves",0,0.021821379310345,0.9809885057471263,9,0.9453855140186915,0.9426705370101597,0.9453855140186915,0.9439895185063871,113,1065,1065,0
WDBC,"Warm UCB1, 4 moves",0,0.022488045977011668,0.9809885057471263,11,0.9407126168224299,0.9354978354978355,0.9407126168224299,0.9379535558780843,116,1056,1815,2040
WDBC,"Random, 4 moves",1,0.02093517241379321,0.9808735632183907,6,0.946918808411215,0.9528706717963895,0.946918808411215,0.9497354497354498,125,1254,1254,0
WDBC,"UCB1, 4 moves",1,0.01985471264367815,0.9843218390804598,13,0.9515917056074766,0.9608792846497765,0.9515917056074766,0.9558709677419355,114,1003,1003,0
WDBC,"Warm UCB1, 4 moves",1,0.022481379310344708,0.9803218390804599,9,0.9437792056074766,0.9563063063063063,0.9437792056074766,0.9493933116306599,112,1167,1870,2040
WDBC,"Random, 4 moves",2,0.020166666666666607,0.9833333333333334,11,0.9125292056074766,0.9386645962732919,0.9125292056074766,0.922972972972973,100,1212,1212,0
WDBC,"UCB1, 4 moves",2,0.01895379310344822,0.9838850574712644,9,0.9281542056074766,0.9473603906011596,0.9281542056074766,0.9362891207153503,107,1022,1022,0
WDBC,"Warm UCB1, 4 moves",2,0.02039425287356313,0.9831034482758622,11,0.931293808411215,0.9434684684684684,0.931293808411215,0.936741639538325,105,1080,1780,2040
WDBC,"Random, 4 moves",3,0.02820045977011482,0.9752183908045978,11,0.9453855140186915,0.9426705370101597,0.9453855140186915,0.9439895185063871,105,1119,1119,0
WDBC,"UCB1, 4 moves",3,0.0283075862068964,0.9744367816091956,9,0.9328271028037383,0.956140350877193,0.9328271028037383,0.9424479264051457,111,979,979,0
WDBC,"Warm UCB1, 4 moves",3,0.027987586206896543,0.9757701149425287,12,0.9328271028037383,0.956140350877193,0.9328271028037383,0.9424479264051457,111,1007,1759,2040
WDBC,"Random, 4 moves",4,0.027327586206896508,0.9764367816091954,12,0.921875,0.9572649572649572,0.921875,0.9353056900726393,104,995,995,0
WDBC,"UCB1, 4 moves",4,0.028754712643678158,0.9743218390804598,10,0.9406396028037383,0.960405859017394,0.9406396028037383,0.9490312965722802,123,1089,1089,0
WDBC,"Warm UCB1, 4 moves",4,0.026768045977011417,0.9756551724137932,8,0.9484521028037383,0.9647397094430993,0.9484521028037383,0.9555629802873371,121,1075,1790,2040
WDBC,"Random, 4 moves",5,0.025581839080459766,0.9788735632183908,14,0.923481308411215,0.9388619854721549,0.923481308411215,0.9301703975943869,103,1261,1261,0
WDBC,"UCB1, 4 moves",5,0.028221839080459696,0.9762068965517242,14,0.9328271028037383,0.956140350877193,0.9328271028037383,0.9424479264051457,110,984,984,0
WDBC,"Warm UCB1, 4 moves",5,0.029861839080459734,0.9735402298850575,11,0.9296875,0.9612068965517242,0.9296875,0.9420055017522704,112,1265,1976,2040
WDBC,"Random, 4 moves",6,0.033267586206896516,0.9704367816091954,12,0.9640771028037383,0.9736214605067064,0.9640771028037383,0.968479262672811,104,1278,1278,0
WDBC,"UCB1, 4 moves",6,0.03656091954022996,0.9664367816091953,10,0.9594042056074766,0.9655223438887245,0.9594042056074766,0.9623015873015872,118,1182,1182,0
WDBC,"Warm UCB1, 4 moves",6,0.03403471264367824,0.9689885057471264,10,0.9672167056074766,0.9702380952380952,0.9672167056074766,0.9686870536531771,114,993,1787,2040
WDBC,"Random, 4 moves",7,0.02139425287356313,0.9831034482758622,14,0.9718896028037383,0.9781740159810595,0.9718896028037383,0.9748677248677249,113,1334,1334,0
WDBC,"UCB1, 4 moves",7,0.021727586206896465,0.9831034482758622,15,0.9515917056074766,0.9608792846497765,0.9515917056074766,0.9558709677419355,123,1084,1084,0
WDBC,"Warm UCB1, 4 moves",7,0.02061379310344826,0.9832183908045977,12,0.9500584112149533,0.9500584112149533,0.9500584112149533,0.9500584112149533,110,1025,1778,2040
WDBC,"Random, 4 moves",8,0.033587586206896586,0.969103448275862,9,0.9406396028037383,0.960405859017394,0.9406396028037383,0.9490312965722802,96,1222,1222,0
WDBC,"UCB1, 4 moves",8,0.02818045977011493,0.9732183908045977,5,0.9328271028037383,0.956140350877193,0.9328271028037383,0.9424479264051457,105,1026,1026,0
WDBC,"Warm UCB1, 4 moves",8,0.029960919540229915,0.973103448275862,10,0.953125,0.9734513274336283,0.953125,0.9617734724292102,116,1100,1825,2040
WDBC,"Random, 4 moves",9,0.03569471264367816,0.9683218390804598,13,0.9562646028037383,0.9691441441441442,0.9562646028037383,0.962044983722995,130,1309,1309,0
WDBC,"UCB1, 4 moves",9,0.03108804597701149,0.9743218390804598,17,0.9562646028037383,0.9691441441441442,0.9562646028037383,0.962044983722995,119,1101,1101,0
WDBC,"Warm UCB1, 4 moves",9,0.030855172413792997,0.9728735632183909,12,0.9594042056074766,0.9655223438887245,0.9594042056074766,0.9623015873015872,119,1116,1851,2040
colon,"Random, 4 moves",0,0.11614000000000015,0.8833333333333332,128,0.8421052631578947,0.9,0.7857142857142857,0.8080808080808081,106,1485,1485,0
colon,"UCB1, 4 moves",0,0.09716499999999988,0.9027777777777779,183,0.7894736842105263,0.7928571428571429,0.7440476190476191,0.7564102564102564,82,1798,1798,0
colon,"Warm UCB1, 4 moves",0,0.11354500000000005,0.8861111111111111,159,0.7894736842105263,0.875,0.7142857142857143,0.7285714285714285,78,1816,2762,2040
colon,"Random, 4 moves",1,0.04445000000000006,0.9555555555555555,90,0.6842105263157895,0.6607142857142857,0.6607142857142857,0.6607142857142857,114,1651,1651,0
colon,"UCB1, 4 moves",1,0.04435500000000006,0.9555555555555555,71,0.5789473684210527,0.5722222222222222,0.5773809523809523,0.5681818181818181,108,1495,1495,0
colon,"Warm UCB1, 4 moves",1,0.0663200000000001,0.9333333333333332,64,0.6842105263157895,0.6777777777777778,0.6904761904761905,0.6761363636363636,104,1499,2439,2040
colon,"Random, 4 moves",2,0.06902999999999998,0.9305555555555556,56,0.7894736842105263,0.7928571428571429,0.7440476190476191,0.7564102564102564,112,1801,1801,0
colon,"UCB1, 4 moves",2,0.06882499999999998,0.9305555555555556,15,0.8421052631578947,0.8397435897435898,0.8154761904761905,0.8246153846153846,106,1396,1396,0
colon,"Warm UCB1, 4 moves",2,0.093745,0.9055555555555556,49,0.9473684210526315,0.9615384615384616,0.9285714285714286,0.9415384615384615,108,1509,2462,2040
colon,"Random, 4 moves",3,0.022129999999999924,0.9777777777777779,26,0.7894736842105263,0.7833333333333333,0.8035714285714286,0.7840909090909092,105,1721,1721,0
colon,"UCB1, 4 moves",3,0.093855,0.9055555555555556,71,0.7368421052631579,0.717948717948718,0.7023809523809523,0.7076923076923077,86,1489,1489,0
colon,"Warm UCB1, 4 moves",3,0.094675,0.9055555555555556,235,0.7894736842105263,0.7928571428571429,0.7440476190476191,0.7564102564102564,77,2331,3459,2040
colon,"Random, 4 moves",4,0.07161499999999997,0.9277777777777778,23,0.7894736842105263,0.7738095238095238,0.7738095238095238,0.7738095238095238,104,1398,1398,0
colon,"UCB1, 4 moves",4,0.11297000000000004,0.8861111111111111,44,0.7368421052631579,0.7215909090909092,0.7321428571428572,0.7246376811594203,96,1407,1407,0
colon,"Warm UCB1, 4 moves",4,0.11309000000000005,0.8861111111111111,68,0.7368421052631579,0.7215909090909092,0.7321428571428572,0.7246376811594203,108,1584,2564,2040
colon,"Random, 4 moves",5,0.04427500000000006,0.9555555555555555,55,0.5789473684210527,0.5722222222222222,0.5773809523809523,0.5681818181818181,100,1583,1583,0
colon,"UCB1, 4 moves",5,0.04432000000000006,0.9555555555555555,64,0.5263157894736842,0.5333333333333333,0.5357142857142857,0.5210084033613445,114,1581,1581,0
colon,"Warm UCB1, 4 moves",5,0.04429500000000006,0.9555555555555555,59,0.5789473684210527,0.6022727272727273,0.6071428571428572,0.5777777777777777,109,1501,2374,2040
colon,"Random, 4 moves",6,0.06900999999999997,0.9305555555555556,52,0.631578947368421,0.5961538461538461,0.5892857142857143,0.5907692307692307,101,1841,1841,0
colon,"UCB1, 4 moves",6,0.02508500000000002,0.975,67,0.631578947368421,0.5961538461538461,0.5892857142857143,0.5907692307692307,101,1701,1701,0
colon,"Warm UCB1, 4 moves",6,0.06906999999999998,0.9305555555555556,64,0.6842105263157895,0.6607142857142857,0.6607142857142857,0.6607142857142857,110,1470,2277,2040
colon,"Random, 4 moves",7,0.02489500000000002,0.975,29,0.7894736842105263,0.875,0.7142857142857143,0.7285714285714285,102,1895,1895,0
colon,"UCB1, 4 moves",7,0.046889999999999946,0.9527777777777778,28,0.7368421052631579,0.8529411764705883,0.6428571428571428,0.6360153256704981,111,1476,1476,0
colon,"Warm UCB1, 4 moves",7,0.06890999999999997,0.9305555555555556,32,0.7894736842105263,0.7928571428571429,0.7440476190476191,0.7564102564102564,113,1396,2213,2040
colon,"Random, 4 moves",8,0.09631499999999987,0.9027777777777779,13,0.6842105263157895,0.8333333333333333,0.5714285714285714,0.525,109,1566,1566,0
colon,"UCB1, 4 moves",8,0.09361,0.9055555555555556,22,0.7368421052631579,0.8529411764705883,0.6428571428571428,0.6360153256704981,116,1510,1510,0
colon,"Warm UCB1, 4 moves",8,0.09372,0.9055555555555556,44,0.8421052631578947,0.9,0.7857142857142857,0.8080808080808081,112,1735,2701,2040
colon,"Random, 4 moves",9,0.06916999999999998,0.9305555555555556,84,0.5263157894736842,0.5056818181818181,0.5059523809523809,0.5043478260869565,124,2001,2001,0
colon,"UCB1, 4 moves",9,0.09116500000000012,0.9083333333333332,83,0.631578947368421,0.6136363636363636,0.6190476190476191,0.6144927536231883,107,1858,1858,0
colon,"Warm UCB1, 4 moves",9,0.06885999999999998,0.9305555555555556,22,0.47368421052631576,0.4666666666666667,0.4642857142857143,0.4602272727272727,113,1452,2521,2040
lung,"Random, 4 moves",0,0.0355201863354036,0.9642857142857144,54,0.9180327868852459,0.9488888888888889,0.7952380952380953,0.8454754440961338,88,1364,1364,0
lung,"UCB1, 4 moves",0,0.028223031341472058,0.9716748768472907,60,0.8852459016393442,0.6813953488372093,0.7123809523809524,0.695650623885918,91,1361,1361,0
lung,"Warm UCB1, 4 moves",0,0.0356688560481663,0.9645320197044336,184,0.9180327868852459,0.9422222222222223,0.7885714285714285,0.8418390804597701,90,1497,2464,2040
lung,"Random, 4 moves",1,0.04276818138549777,0.9576354679802955,274,0.9672131147540983,0.990909090909091,0.8666666666666668,0.9105003523608175,123,1668,1668,0
lung,"UCB1, 4 moves",1,0.03514421658218516,0.9647783251231526,91,0.9344262295081968,0.753030303030303,0.761904761904762,0.7543340380549683,84,1370,1370,0
lung,"Warm UCB1, 4 moves",1,0.02815430974988683,0.97192118226601,118,0.9836065573770492,0.9953488372093023,0.9666666666666668,0.9794652406417113,89,1814,2791,2040
lung,"Random, 4 moves",2,0.021498824992265735,0.9788177339901478,175,0.9344262295081968,0.9333333333333332,0.9238095238095237,0.917142857142857,84,2321,2321,0
lung,"UCB1, 4 moves",2,0.02158034673139617,0.9788177339901478,202,0.9508196721311475,0.9506976744186048,0.8552380952380952,0.8862745098039216,79,1714,1714,0
lung,"Warm UCB1, 4 moves",2,0.03540617488874602,0.9645320197044336,97,0.8852459016393442,0.8747286821705427,0.779047619047619,0.8101960784313725,108,1585,2538,2040
lung,"Random, 4 moves",3,0.014119425406344435,0.9859605911330049,73,0.9016393442622951,0.7382608695652173,0.6885714285714285,0.7095959595959596,101,1767,1767,0
lung,"UCB1, 4 moves",3,0.020947011613241112,0.9790640394088669,73,0.9180327868852459,0.8826086956521738,0.76,0.8020202020202021,99,1416,1416,0
lung,"Warm UCB1, 4 moves",3,0.028361920230360948,0.9716748768472907,106,0.9180327868852459,0.778723404255319,0.7,0.7220973782771536,88,1420,2615,2040
lung,"Random, 4 moves",4,0.03319815389924075,0.9714285714285715,1627,0.9672131147540983,0.9667774086378739,0.8666666666666668,0.8974139585904293,82,1548,1548,0
lung,"UCB1, 4 moves",4,0.028949965493443655,0.9714285714285715,220,0.9508196721311475,0.9380952380952381,0.8552380952380952,0.8755799755799757,78,1578,1578,0
lung,"Warm UCB1, 4 moves",4,0.029387767425810802,0.9714285714285715,365,0.9672131147540983,0.990909090909091,0.8666666666666668,0.9105003523608175,41,1626,2450,2040
lung,"Random, 4 moves",5,0.037933348801789495,0.9645320197044336,934,0.9672131147540983,0.990909090909091,0.8666666666666668,0.9105003523608175,50,1429,1429,0
lung,"UCB1, 4 moves",5,0.03588926667618563,0.9645320197044336,257,0.9508196721311475,0.9573643410852715,0.8619047619047621,0.8899108734402852,58,1438,1438,0
lung,"Warm UCB1, 4 moves",5,0.03261614728350104,0.9716748768472907,1515,0.9508196721311475,0.937979094076655,0.9571428571428571,0.9412559328221979,62,1290,2192,2040
lung,"Random, 4 moves",6,0.014198650674662586,0.9862068965517242,180,0.9672131147540983,0.990909090909091,0.86,0.9064599483204134,90,1927,1927,0
lung,"UCB1, 4 moves",6,0.03561825039861028,0.9647783251231526,248,0.9180327868852459,0.9787234042553191,0.76,0.8332084893882646,54,1684,1684,0
lung,"Warm UCB1, 4 moves",6,0.0353404726208325,0.9647783251231526,156,0.9016393442622951,0.975,0.72,0.8033333333333333,86,1471,2639,2040
lung,"Random, 4 moves",7,0.03572694605078419,0.9647783251231526,284,0.9508196721311475,0.9866666666666667,0.9,0.9264367816091955,80,1994,1994,0
lung,"UCB1, 4 moves",7,0.021251240451202934,0.9788177339901478,93,0.9508196721311475,0.9866666666666667,0.9,0.9264367816091955,109,1620,1620,0
lung,"Warm UCB1, 4 moves",7,0.021718512767425736,0.9785714285714286,167,0.9508196721311475,0.9866666666666667,0.9,0.9264367816091955,91,1713,2779,2040
lung,"Random, 4 moves",8,0.027964815211441802,0.9721674876847292,136,0.9016393442622951,0.8922222222222222,0.7485714285714286,0.8006269592476489,88,1741,1741,0
lung,"UCB1, 4 moves",8,0.02067599533566554,0.9793103448275862,64,0.8852459016393442,0.7411347517730497,0.641904761904762,0.6652220438737293,84,1473,1473,0
lung,"Warm UCB1, 4 moves",8,0.028076530187287212,0.9721674876847292,173,0.9016393442622951,0.9018181818181817,0.7838095238095237,0.8248343904157858,100,1915,2816,2040
lung,"Random, 4 moves",9,0.04214088491468548,0.9578817733990148,147,0.9344262295081968,0.9826086956521738,0.8,0.8575757575757577,111,1579,1579,0
lung,"UCB1, 4 moves",9,0.042083517764927025,0.9578817733990148,128,0.9344262295081968,0.9826086956521738,0.8,0.8575757575757577,90,1436,1436,0
lung,"Warm UCB1, 4 moves",9,0.042056343851883546,0.9578817733990148,119,0.9672131147540983,0.990909090909091,0.8666666666666668,0.9105003523608175,88,1582,2505,2040
