method,14,44,2000,7129
RL-DOHO,0.08157348016447459,0.05851630260301189,0.2551334330107589,0.7724180385602999
DO,0.03252292327926153,0.03375749184265765,0.30672739771052515,1.4092845424790117
HO,0.05774116664931637,0.05754202810766954,0.12326513137344995,0.25695619116775004
DOHO,0.048499357129162125,0.04266926568704423,0.2130838728693906,0.6240084467356972
GA,0.04671431879229857,0.042000682352629,0.09164320261340013,0.18948682025741923
BPSO,0.019481117752312222,0.017835289865164,0.09014104151295517,0.2676081104555183
BGWO,0.07845198282180361,0.0778364189598363,0.199159089555121,0.475598069932162
GA+SI,0.08447343784922773,0.07179668757321361,0.1228602565387358,0.2431123451117029
HO+SI,0.06552906748770776,0.06720375425834836,0.13518772875524485,0.2683732594823299
