dataset,method,fit,fit_sd,cv,test_acc,acc_sd,test_f1,n_feats
Backache,All features,0.4330107142857143,0.05211323644972844,0.5727164502164502,0.543927580282807,0.030375788813568935,0.5483583510255086,32.0
Backache,BGWO,0.29968125,0.030037220936981884,0.7013636363636364,0.5365823642130303,0.04202723709635597,0.5370869666048238,12.9
Backache,BPSO,0.29748571428571424,0.0310269029631221,0.7039285714285715,0.5260687855160565,0.05127180613025621,0.5224622331480488,14.0
Backache,DO,0.3875875000000001,0.028455207819322207,0.6138636363636364,0.5333991343993657,0.039250538159214185,0.5262785136729792,17.0
Backache,DOHO,0.32468660714285713,0.033083540951151194,0.6761688311688312,0.5431115369366989,0.054903564776039124,0.5431411147181631,13.1
Backache,GA,0.2843151785714286,0.036013996655593905,0.716569264069264,0.5421864675564952,0.05877301783951582,0.5329961631433627,11.9
Backache,HO,0.3104142857142857,0.030677186723836295,0.6902380952380953,0.5382904387471917,0.03136725359806546,0.5385142673132457,12.0
Backache,LASSO,0.36706785714285717,0.055060377921303236,0.6320021645021645,0.5307040438747193,0.04770493377495043,0.529016137383377,8.8
Backache,RL-DOHO,0.3164839285714286,0.03577484394550726,0.6835389610389611,0.5427538985066737,0.04636435164620421,0.5426900739550347,10.2
Backache,ReliefF,0.3871776785714286,0.04477289383733698,0.6128571428571428,0.5268220562970793,0.04180259436390235,0.5266146734771199,12.5
Backache,mRMR,0.38176339285714284,0.04847887574312901,0.6188311688311688,0.5338468019029998,0.04225305546012533,0.5282347137864571,14.1
Dermatology,All features,0.059201428571428585,0.01525579819732703,0.9503015873015872,0.9523529411764706,0.017224056039218144,0.9521838626162038,34.0
Dermatology,BGWO,0.018834331232492965,0.005243084511058577,0.9864715608465608,0.957826302238067,0.01578988141817585,0.9580405702132205,18.5
Dermatology,BPSO,0.020189555322128898,0.006335196553111226,0.9855482804232804,0.9516062586650822,0.025993457619307863,0.9508150434247703,20.0
Dermatology,DO,0.049997881652661044,0.011008137746197947,0.9549041005291006,0.9428371954842543,0.024763819082375436,0.946216338220087,18.2
Dermatology,DOHO,0.029732703081232527,0.006518217625938249,0.9773941798941799,0.9599455337690632,0.011225394911335567,0.9603789586921501,25.0
Dermatology,GA,0.01579432773109244,0.005161088449872507,0.9887698412698412,0.955940780352545,0.021178635695834,0.9573928923707673,15.9
Dermatology,HO,0.025643690476190466,0.007063181708480818,0.9811679894179894,0.9540027728263022,0.017150236427737834,0.9556491183258947,23.8
Dermatology,LASSO,0.0264671008403361,0.003421116248992408,0.9786428571428571,0.9595751633986929,0.018720927376019304,0.9610416866260888,18.1
Dermatology,RL-DOHO,0.024728735994397733,0.007831930486255754,0.9800125661375662,0.9503307585660525,0.014445583034508673,0.9517974312054335,16.8
Dermatology,ReliefF,0.03871220588235296,0.005772499420307305,0.96975,0.9571677559912853,0.010596266453199827,0.9571833265341965,29.8
Dermatology,mRMR,0.038569607843137226,0.010316031252032395,0.967962962962963,0.9607070707070708,0.01994934893498433,0.9603432328220742,23.3
Hepatitis,All features,0.32308588235294117,0.07099923816541416,0.6837516339869281,0.6566216216216216,0.05290233231978512,0.6769417263332089,19.0
Hepatitis,BGWO,0.22058873065015477,0.03214414504843717,0.7815424836601308,0.6644594594594595,0.0820167483949928,0.6798070135978144,8.2
Hepatitis,BPSO,0.18922705882352936,0.042532954452673896,0.8129019607843138,0.6172972972972973,0.0731057628417129,0.6207790207144395,7.6
Hepatitis,DO,0.26883066563467495,0.038779738003281404,0.7332385620915033,0.6462162162162162,0.07087920498663464,0.6610894452638649,9.0
Hepatitis,DOHO,0.21898592879256965,0.03593299550307463,0.7826830065359477,0.6336486486486487,0.08379698142688924,0.6345258420604993,7.3
Hepatitis,GA,0.19794704334365326,0.042837229769165,0.8041470588235293,0.6632432432432432,0.07555707136460066,0.6660830785705918,7.7
Hepatitis,HO,0.22144238390092874,0.0327030769685084,0.7802549019607843,0.6213513513513513,0.09155520372049464,0.624819405083583,7.4
Hepatitis,LASSO,0.2494773684210526,0.042833577803064626,0.753,0.635945945945946,0.06375807493287551,0.6423896493752219,9.4
Hepatitis,RL-DOHO,0.20927981424148606,0.03253945527225605,0.7922745098039216,0.6417567567567568,0.0804944998098303,0.653570216549789,6.9
Hepatitis,ReliefF,0.263669907120743,0.045899211908282105,0.7380261437908497,0.5986486486486486,0.04750917792228904,0.5991950648355537,8.2
Hepatitis,mRMR,0.2513757894736842,0.03660816459111861,0.7504444444444445,0.6236486486486487,0.09340576427052626,0.6306903432927757,8.2
SPECTF,All features,0.3138895054945055,0.054544839587114015,0.6930409035409035,0.7069419237749546,0.06732538996622577,0.6849305273603259,44.0
SPECTF,BGWO,0.15625909590409592,0.018423163596005657,0.8475573870573869,0.7551497277676951,0.056460312107597936,0.7283969336888212,23.5
SPECTF,BPSO,0.17225258241758246,0.02033528619783305,0.8310579975579975,0.7582803992740471,0.041910619851781315,0.7349873894120507,22.0
SPECTF,DO,0.22452253746253747,0.022305341649043915,0.7783748473748473,0.738089836660617,0.06670242307902384,0.7210225853993794,22.5
SPECTF,DOHO,0.19003517482517487,0.020602162577305533,0.8124529914529914,0.7112522686025409,0.057166063241670076,0.7014336784185743,19.2
SPECTF,GA,0.1314198451548452,0.019975590497388878,0.8721654456654455,0.7528584392014519,0.0366855158140745,0.7291056728245152,21.4
SPECTF,HO,0.1778012187812188,0.018139692800188758,0.8245579975579975,0.737431941923775,0.04265404486609421,0.7190615728592227,18.1
SPECTF,LASSO,0.21369273726273724,0.04117145993039836,0.7865592185592185,0.731125226860254,0.059346091310119024,0.7175981032336038,10.5
SPECTF,RL-DOHO,0.16705634365634364,0.019691661846474594,0.8362148962148963,0.7307622504537206,0.06171996241678286,0.7079950658061038,21.6
SPECTF,ReliefF,0.23821159340659337,0.0197360212452588,0.7629175824175825,0.7425362976406534,0.04719183456981393,0.727313796567213,15.4
SPECTF,mRMR,0.28477727772227773,0.033526433431069876,0.717557387057387,0.6891333938294011,0.05479321443576835,0.6725772682352543,22.7
WDBC,All features,0.052565448275862084,0.010912689666940228,0.9570045977011494,0.9533002336448598,0.01639970638912726,0.9588797176449486,30.0
WDBC,BGWO,0.028469770114942484,0.004779687295813679,0.9760574712643679,0.9447210864485982,0.017827999068957334,0.9494243540867393,14.3
WDBC,BPSO,0.028898965517241332,0.004377559448258469,0.9757586206896551,0.9515917056074766,0.013513577966197437,0.9558544884993172,14.7
WDBC,DO,0.040887793103448235,0.00600369970876616,0.9639517241379311,0.9417494158878504,0.015694591231330705,0.947419114305772,15.6
WDBC,DOHO,0.03360600000000001,0.004512641585096474,0.9705999999999999,0.9459623247663551,0.014758686179358398,0.9518128893741938,13.5
WDBC,GA,0.02520163218390805,0.0052651861371039894,0.9793586206896551,0.9473714953271027,0.015502136962475852,0.9525407592388266,14.3
WDBC,HO,0.031908482758620724,0.004754959501801446,0.9721126436781609,0.9445604556074766,0.0169034786053374,0.9500032975107956,12.9
WDBC,LASSO,0.03330280459770113,0.005675951547457466,0.9701655172413794,0.9481454439252337,0.010991826109879378,0.9543643073777599,11.3
WDBC,RL-DOHO,0.029345195402298796,0.005000787883139181,0.9746344827586209,0.9434652453271027,0.012517122021338508,0.9493117628310193,12.7
WDBC,ReliefF,0.035647333333333336,0.00464692869737234,0.9680666666666667,0.9401869158878504,0.01811185302228729,0.9460896113214672,12.1
WDBC,mRMR,0.035728850574712624,0.007212464342995005,0.9682873563218392,0.9453417056074767,0.015468950337890516,0.9506063727625362,13.0
