metric,vs,W,T,L,n,sign_p,holm_p
fit,DO,50,0,0,50,1.7763568394002505e-15,1.7763568394002505e-14
fit,HO,32,0,18,50,0.06490864707227217,0.19472594121681652
fit,DOHO,40,2,8,50,3.3052667092192682e-06,1.6526333546096342e-05
fit,GA,5,2,43,50,1.3680484300948594e-08,8.208290580569157e-08
fit,BPSO,20,3,27,50,0.38169339766321275,0.7633867953264255
fit,BGWO,21,2,27,50,0.470879013621712,0.7633867953264255
fit,LASSO,41,0,9,50,5.614100093254137e-06,2.245640037301655e-05
fit,mRMR,48,1,1,50,1.7763568394002505e-13,1.4210854715202004e-12
fit,ReliefF,47,1,2,50,4.355626970209414e-12,3.04893887914659e-11
fit,All features,50,0,0,50,1.7763568394002505e-15,1.7763568394002505e-14
test_acc,DO,20,9,21,50,1.0,1.0
test_acc,HO,16,9,25,50,0.21102359760880063,1.0
test_acc,DOHO,14,10,26,50,0.0806904677519924,0.7262142097679316
test_acc,GA,19,9,22,50,0.755228657504631,1.0
test_acc,BPSO,16,13,21,50,0.5113757815852296,1.0
test_acc,BGWO,16,8,26,50,0.16414940178310644,1.0
test_acc,LASSO,19,4,27,50,0.3019956131896606,1.0
test_acc,mRMR,24,2,24,50,1.0,1.0
test_acc,ReliefF,19,7,24,50,0.542384011856484,1.0
test_acc,All features,14,7,29,50,0.03153949735315109,0.3153949735315109
test_f1,DO,21,9,20,50,1.0,1.0
test_f1,HO,17,9,24,50,0.34888887944907765,1.0
test_f1,DOHO,15,10,25,50,0.1538599441628321,1.0
test_f1,GA,20,9,21,50,1.0,1.0
test_f1,BPSO,16,13,21,50,0.5113757815852296,1.0
test_f1,BGWO,17,8,25,50,0.27995623852893914,1.0
test_f1,LASSO,19,4,27,50,0.3019956131896606,1.0
test_f1,mRMR,24,2,24,50,1.0,1.0
test_f1,ReliefF,19,7,24,50,0.542384011856484,1.0
test_f1,All features,15,7,28,50,0.0659940344557981,0.659940344557981
