dataset,method,seed,fit,cv,n_feats,test_acc,test_prec,test_rec,test_f1
Rheumatic,GA+SI,0,0.1819992164725696,0.8233774148184723,10,0.8465039304923458,0.8489260794405715,0.8456378035769849,0.8399907640469159
Rheumatic,HO+SI,0,0.18392170542100078,0.8228785082327553,12,0.8471245345469591,0.8440218278543177,0.851641561189658,0.8465388266118099
Rheumatic,RL-DOHO [Q-learning],0,0.1884449860591086,0.8197525393342338,14,0.8396772858916011,0.8348781625131727,0.8369583043176174,0.8350444907091598
Rheumatic,RL-DOHO [κ=1],0,0.18538099653956122,0.8221259775213667,13,0.8489863467107985,0.8428548569321739,0.8520391077179952,0.8461437264949547
Rheumatic,RL-DOHO [κ=3],0,0.18810176481258892,0.8193777267405307,13,0.8431940422010757,0.8464721481059478,0.8367455100231949,0.834287240476188
Rheumatic,RL-DOHO [κ=4],0,0.18538099653956122,0.8221259775213667,13,0.8489863467107985,0.8428548569321739,0.8520391077179952,0.8461437264949547
Rheumatic,GA+SI,1,0.1824942474642005,0.8228773835137946,10,0.8429871741828714,0.8455429772253364,0.8426655051518712,0.8376210986054213
Rheumatic,HO+SI,1,0.18352326167855948,0.8240024773809644,13,0.8425734381464626,0.8362389616081543,0.8450909436155332,0.8392734606130218
Rheumatic,RL-DOHO [Q-learning],1,0.18221698656619595,0.8238789457484312,11,0.8460901944559371,0.8402083535879795,0.847394513698985,0.8428384110987333
Rheumatic,RL-DOHO [κ=1],1,0.1820671253966843,0.8247518213886306,12,0.8382292097641704,0.8302468029622777,0.8410192229474929,0.8343436273752878
Rheumatic,RL-DOHO [κ=3],1,0.18652091969233475,0.8202530392718119,12,0.8438146462556888,0.8363173129477222,0.8469053678317799,0.8405629160743947
Rheumatic,RL-DOHO [κ=4],1,0.1884449860591086,0.8197525393342338,14,0.8396772858916011,0.8348781625131727,0.8369583043176174,0.8350444907091598
Rheumatic,GA+SI,2,0.18221698656619595,0.8238789457484312,11,0.8460901944559371,0.8402083535879795,0.847394513698985,0.8428384110987333
Rheumatic,HO+SI,2,0.18352326167855948,0.8240024773809644,13,0.8425734381464626,0.8362389616081543,0.8450909436155332,0.8392734606130218
Rheumatic,RL-DOHO [Q-learning],2,0.1884449860591086,0.8197525393342338,14,0.8396772858916011,0.8348781625131727,0.8369583043176174,0.8350444907091598
Rheumatic,RL-DOHO [κ=1],2,0.18221698656619595,0.8238789457484312,11,0.8460901944559371,0.8402083535879795,0.847394513698985,0.8428384110987333
Rheumatic,RL-DOHO [κ=3],2,0.1820671253966843,0.8247518213886306,12,0.8382292097641704,0.8302468029622777,0.8410192229474929,0.8343436273752878
Rheumatic,RL-DOHO [κ=4],2,0.18352326167855948,0.8240024773809644,13,0.8425734381464626,0.8362389616081543,0.8450909436155332,0.8392734606130218
Rheumatic,GA+SI,3,0.1819992164725696,0.8233774148184723,10,0.8465039304923458,0.8489260794405715,0.8456378035769849,0.8399907640469159
Rheumatic,HO+SI,3,0.18352326167855948,0.8240024773809644,13,0.8425734381464626,0.8362389616081543,0.8450909436155332,0.8392734606130218
Rheumatic,RL-DOHO [Q-learning],3,0.18370412090600288,0.8223767898496364,11,0.8444352503103021,0.8417531465886299,0.8423500643431907,0.8353204585168048
Rheumatic,RL-DOHO [κ=1],3,0.18352326167855948,0.8240024773809644,13,0.8425734381464626,0.8362389616081543,0.8450909436155332,0.8392734606130218
Rheumatic,RL-DOHO [κ=3],3,0.18835006901757564,0.8191269144122613,13,0.8427803061646669,0.8362840146999617,0.8450389063537415,0.8397693651133491
Rheumatic,RL-DOHO [κ=4],3,0.18538099653956122,0.8221259775213667,13,0.8489863467107985,0.8428548569321739,0.8520391077179952,0.8461437264949547
Rheumatic,GA+SI,4,0.1819992164725696,0.8233774148184723,10,0.8465039304923458,0.8489260794405715,0.8456378035769849,0.8399907640469159
Rheumatic,HO+SI,4,0.18370412090600288,0.8223767898496364,11,0.8444352503103021,0.8417531465886299,0.8423500643431907,0.8353204585168048
Rheumatic,RL-DOHO [Q-learning],4,0.1850645978318311,0.8210025707326382,11,0.8450558543649151,0.8484878105688338,0.840942960914872,0.8372141524839706
Rheumatic,RL-DOHO [κ=1],4,0.18299029913828863,0.8223763212167359,10,0.8489863467107985,0.854305923914968,0.847240240227186,0.8433981682258427
Rheumatic,RL-DOHO [κ=3],4,0.18352326167855948,0.8240024773809644,13,0.8425734381464626,0.8362389616081543,0.8450909436155332,0.8392734606130218
Rheumatic,RL-DOHO [κ=4],4,0.18810176481258892,0.8193777267405307,13,0.8431940422010757,0.8464721481059478,0.8367455100231949,0.834287240476188
Rheumatic,GA+SI,5,0.1824942474642005,0.8228773835137946,10,0.8429871741828714,0.8455429772253364,0.8426655051518712,0.8376210986054213
Rheumatic,HO+SI,5,0.18538099653956122,0.8221259775213667,13,0.8489863467107985,0.8428548569321739,0.8520391077179952,0.8461437264949547
Rheumatic,RL-DOHO [Q-learning],5,0.18221698656619595,0.8238789457484312,11,0.8460901944559371,0.8402083535879795,0.847394513698985,0.8428384110987333
Rheumatic,RL-DOHO [κ=1],5,0.1871391748933165,0.8196285390688001,12,0.8438146462556889,0.8436495966920122,0.8392118952179537,0.834536016481657
Rheumatic,RL-DOHO [κ=3],5,0.18538099653956122,0.8221259775213667,13,0.8489863467107985,0.8428548569321739,0.8520391077179952,0.8461437264949547
Rheumatic,RL-DOHO [κ=4],5,0.18810176481258892,0.8193777267405307,13,0.8431940422010757,0.8464721481059478,0.8367455100231949,0.834287240476188
Rheumatic,GA+SI,6,0.1819992164725696,0.8233774148184723,10,0.8465039304923458,0.8489260794405715,0.8456378035769849,0.8399907640469159
Rheumatic,HO+SI,6,0.1824942474642005,0.8228773835137946,10,0.8429871741828714,0.8455429772253364,0.8426655051518712,0.8376210986054213
Rheumatic,RL-DOHO [Q-learning],6,0.18352326167855948,0.8240024773809644,13,0.8425734381464626,0.8362389616081543,0.8450909436155332,0.8392734606130218
Rheumatic,RL-DOHO [κ=1],6,0.18352326167855948,0.8240024773809644,13,0.8425734381464626,0.8362389616081543,0.8450909436155332,0.8392734606130218
Rheumatic,RL-DOHO [κ=3],6,0.18296162081321374,0.8231267899433627,11,0.8423665701282581,0.8432553683852377,0.8381659210721951,0.833175534701682
Rheumatic,RL-DOHO [κ=4],6,0.1867689455293787,0.8200025081232827,12,0.8491932147290029,0.845424482682495,0.852757144594672,0.8481076480781514
Rheumatic,GA+SI,7,0.1819992164725696,0.8233774148184723,10,0.8465039304923458,0.8489260794405715,0.8456378035769849,0.8399907640469159
Rheumatic,HO+SI,7,0.1855852451011661,0.8197551636784758,10,0.8452627223831196,0.8507325831710693,0.8414215161981411,0.8380056959513078
Rheumatic,RL-DOHO [Q-learning],7,0.18296162081321374,0.8231267899433627,11,0.8423665701282581,0.8432553683852377,0.8381659210721951,0.833175534701682
Rheumatic,RL-DOHO [κ=1],7,0.18481731430930126,0.8212523520685269,11,0.8483657426561854,0.8413909742380187,0.8488409244202543,0.8438716770073877
Rheumatic,RL-DOHO [κ=3],7,0.18352326167855948,0.8240024773809644,13,0.8425734381464626,0.8362389616081543,0.8450909436155332,0.8392734606130218
Rheumatic,RL-DOHO [κ=4],7,0.18392170542100078,0.8228785082327553,12,0.8471245345469591,0.8440218278543177,0.851641561189658,0.8465388266118099
Rheumatic,GA+SI,8,0.18299029913828863,0.8223763212167359,10,0.8489863467107985,0.854305923914968,0.847240240227186,0.8433981682258427
Rheumatic,HO+SI,8,0.18392170542100078,0.8228785082327553,12,0.8471245345469591,0.8440218278543177,0.851641561189658,0.8465388266118099
Rheumatic,RL-DOHO [Q-learning],8,0.18392170542100078,0.8228785082327553,12,0.8471245345469591,0.8440218278543177,0.851641561189658,0.8465388266118099
Rheumatic,RL-DOHO [κ=1],8,0.18221698656619595,0.8238789457484312,11,0.8460901944559371,0.8402083535879795,0.847394513698985,0.8428384110987333
Rheumatic,RL-DOHO [κ=3],8,0.18538099653956122,0.8221259775213667,13,0.8489863467107985,0.8428548569321739,0.8520391077179952,0.8461437264949547
Rheumatic,RL-DOHO [κ=4],8,0.18538099653956122,0.8221259775213667,13,0.8489863467107985,0.8428548569321739,0.8520391077179952,0.8461437264949547
Rheumatic,GA+SI,9,0.1819992164725696,0.8233774148184723,10,0.8465039304923458,0.8489260794405715,0.8456378035769849,0.8399907640469159
Rheumatic,HO+SI,9,0.18392170542100078,0.8228785082327553,12,0.8471245345469591,0.8440218278543177,0.851641561189658,0.8465388266118099
Rheumatic,RL-DOHO [Q-learning],9,0.18538099653956122,0.8221259775213667,13,0.8489863467107985,0.8428548569321739,0.8520391077179952,0.8461437264949547
Rheumatic,RL-DOHO [κ=1],9,0.18221698656619595,0.8238789457484312,11,0.8460901944559371,0.8402083535879795,0.847394513698985,0.8428384110987333
Rheumatic,RL-DOHO [κ=3],9,0.18890106481964244,0.8171273515530307,11,0.8328506412908564,0.8267681681891939,0.8349580056656101,0.8292598079746372
Rheumatic,RL-DOHO [κ=4],9,0.1819992164725696,0.8233774148184723,10,0.8465039304923458,0.8489260794405715,0.8456378035769849,0.8399907640469159
Rheumatic,RL-DOHO,0,0.18538099653956122,0.8221259775213667,13,0.8489863467107985,0.8428548569321739,0.8520391077179952,0.8461437264949547
Rheumatic,DO,0,0.25662066137652434,0.7480022179457907,10,0.783822920976417,0.788212751270837,0.7918538436145399,0.7818290048411816
Rheumatic,HO,0,0.18352326167855948,0.8240024773809644,13,0.8425734381464626,0.8362389616081543,0.8450909436155332,0.8392734606130218
Rheumatic,DOHO,0,0.18352326167855948,0.8240024773809644,13,0.8425734381464626,0.8362389616081543,0.8450909436155332,0.8392734606130218
Rheumatic,RL-DOHO,1,0.1820671253966843,0.8247518213886306,12,0.8382292097641704,0.8302468029622777,0.8410192229474929,0.8343436273752878
Rheumatic,DO,1,0.2807114775320517,0.7215035580484326,7,0.7325196524617295,0.7470492754491747,0.7614831335224796,0.7495639492595491
Rheumatic,HO,1,0.18352326167855948,0.8240024773809644,13,0.8425734381464626,0.8362389616081543,0.8450909436155332,0.8392734606130218
Rheumatic,DOHO,1,0.18352326167855948,0.8240024773809644,13,0.8425734381464626,0.8362389616081543,0.8450909436155332,0.8392734606130218
Rheumatic,RL-DOHO,2,0.18352326167855948,0.8240024773809644,13,0.8425734381464626,0.8362389616081543,0.8450909436155332,0.8392734606130218
Rheumatic,DO,2,0.21058472773044412,0.7945031610226394,10,0.8237484484898635,0.8182791366565904,0.8314527348072034,0.8209258127863561
Rheumatic,HO,2,0.18352326167855948,0.8240024773809644,13,0.8425734381464626,0.8362389616081543,0.8450909436155332,0.8392734606130218
Rheumatic,DOHO,2,0.18538099653956122,0.8221259775213667,13,0.8489863467107985,0.8428548569321739,0.8520391077179952,0.8461437264949547
Rheumatic,RL-DOHO,3,0.18538099653956122,0.8221259775213667,13,0.8489863467107985,0.8428548569321739,0.8520391077179952,0.8461437264949547
Rheumatic,DO,3,0.2170199450430182,0.7880029415149888,10,0.8103020273065784,0.8070908316238086,0.7968616722043176,0.8004938714982222
Rheumatic,HO,3,0.18352326167855948,0.8240024773809644,13,0.8425734381464626,0.8362389616081543,0.8450909436155332,0.8392734606130218
Rheumatic,DOHO,3,0.18810176481258892,0.8193777267405307,13,0.8431940422010757,0.8464721481059478,0.8367455100231949,0.834287240476188
Rheumatic,RL-DOHO,4,0.18221698656619595,0.8238789457484312,11,0.8460901944559371,0.8402083535879795,0.847394513698985,0.8428384110987333
Rheumatic,DO,4,0.2190281905987313,0.7852529099291314,9,0.805750930906082,0.8131942146909372,0.7903199830160175,0.7923942841285461
Rheumatic,HO,4,0.18738710794104607,0.819378101646851,12,0.845469590401324,0.8461087564039074,0.8419803597616351,0.8366492158244629
Rheumatic,DOHO,4,0.18738710794104607,0.819378101646851,12,0.845469590401324,0.8461087564039074,0.8419803597616351,0.8366492158244629
Rheumatic,RL-DOHO,5,0.1819992164725696,0.8233774148184723,10,0.8465039304923458,0.8489260794405715,0.8456378035769849,0.8399907640469159
Rheumatic,DO,5,0.21949333700420182,0.7855045657966215,10,0.8100951592883741,0.8060923204400637,0.798839317655293,0.8007133702367846
Rheumatic,HO,5,0.18352326167855948,0.8240024773809644,13,0.8425734381464626,0.8362389616081543,0.8450909436155332,0.8392734606130218
Rheumatic,DOHO,5,0.18835006901757564,0.8191269144122613,13,0.8427803061646669,0.8362840146999617,0.8450389063537415,0.8397693651133491
Rheumatic,RL-DOHO,6,0.18352326167855948,0.8240024773809644,13,0.8425734381464626,0.8362389616081543,0.8450909436155332,0.8392734606130218
Rheumatic,DO,6,0.2591818513099039,0.7432506552425213,7,0.7670666115018618,0.7662421103382384,0.7747788339175394,0.7601882605580754
Rheumatic,HO,6,0.1824942474642005,0.8228773835137946,10,0.8429871741828714,0.8455429772253364,0.8426655051518712,0.8376210986054213
Rheumatic,DOHO,6,0.18221698656619595,0.8238789457484312,11,0.8460901944559371,0.8402083535879795,0.847394513698985,0.8428384110987333
Rheumatic,RL-DOHO,7,0.1820671253966843,0.8247518213886306,12,0.8382292097641704,0.8302468029622777,0.8410192229474929,0.8343436273752878
Rheumatic,DO,7,0.2099969138515085,0.7943754116940029,9,0.806371534960695,0.8046083780175519,0.8110986279008712,0.8048032563866476
Rheumatic,HO,7,0.18352326167855948,0.8240024773809644,13,0.8425734381464626,0.8362389616081543,0.8450909436155332,0.8392734606130218
Rheumatic,DOHO,7,0.1884449860591086,0.8197525393342338,14,0.8396772858916011,0.8348781625131727,0.8369583043176174,0.8350444907091598
Rheumatic,RL-DOHO,8,0.18352326167855948,0.8240024773809644,13,0.8425734381464626,0.8362389616081543,0.8450909436155332,0.8392734606130218
Rheumatic,DO,8,0.20841430573428335,0.7952525050303054,8,0.8260239966901117,0.8233123769354771,0.8315323814655986,0.8239616729279944
Rheumatic,HO,8,0.18352326167855948,0.8240024773809644,13,0.8425734381464626,0.8362389616081543,0.8450909436155332,0.8392734606130218
Rheumatic,DOHO,8,0.18538099653956122,0.8221259775213667,13,0.8489863467107985,0.8428548569321739,0.8520391077179952,0.8461437264949547
Rheumatic,RL-DOHO,9,0.1820671253966843,0.8247518213886306,12,0.8382292097641704,0.8302468029622777,0.8410192229474929,0.8343436273752878
Rheumatic,DO,9,0.19867688302456868,0.8072527877096709,11,0.8334712453454696,0.8270561562243334,0.8374936295025189,0.8307607305704108
Rheumatic,HO,9,0.18352326167855948,0.8240024773809644,13,0.8425734381464626,0.8362389616081543,0.8450909436155332,0.8392734606130218
Rheumatic,DOHO,9,0.18503638345332743,0.8217525708263648,12,0.8450558543649151,0.8395550726036747,0.8456841277682419,0.8415715959525985
Rheumatic,GA,0,0.1820671253966843,0.8247518213886306,12,0.8382292097641704,0.8302468029622777,0.8410192229474929,0.8343436273752878
Rheumatic,BPSO,0,0.1819992164725696,0.8233774148184723,10,0.8465039304923458,0.8489260794405715,0.8456378035769849,0.8399907640469159
Rheumatic,BGWO,0,0.18221698656619595,0.8238789457484312,11,0.8460901944559371,0.8402083535879795,0.847394513698985,0.8428384110987333
Rheumatic,LASSO,0,0.1867689455293787,0.8200025081232827,12,0.8491932147290029,0.845424482682495,0.852757144594672,0.8481076480781514
Rheumatic,mRMR,0,0.1844446724231926,0.8216287580140912,11,0.8500206868018204,0.8435600735038428,0.8529816254128992,0.8472706260100741
Rheumatic,ReliefF,0,0.1867689455293787,0.8200025081232827,12,0.8491932147290029,0.845424482682495,0.852757144594672,0.8481076480781514
Rheumatic,All features,0,0.1884449860591086,0.8197525393342338,14,0.8396772858916011,0.8348781625131727,0.8369583043176174,0.8350444907091598
Rheumatic,GA,1,0.1824942474642005,0.8228773835137946,10,0.8429871741828714,0.8455429772253364,0.8426655051518712,0.8376210986054213
Rheumatic,BPSO,1,0.1844446724231926,0.8216287580140912,11,0.8500206868018204,0.8435600735038428,0.8529816254128992,0.8472706260100741
Rheumatic,BGWO,1,0.18392170542100078,0.8228785082327553,12,0.8471245345469591,0.8440218278543177,0.851641561189658,0.8465388266118099
Rheumatic,LASSO,1,0.1867689455293787,0.8200025081232827,12,0.8491932147290029,0.845424482682495,0.852757144594672,0.8481076480781514
Rheumatic,mRMR,1,0.1820671253966843,0.8247518213886306,12,0.8382292097641704,0.8302468029622777,0.8410192229474929,0.8343436273752878
Rheumatic,ReliefF,1,0.1844446724231926,0.8216287580140912,11,0.8500206868018204,0.8435600735038428,0.8529816254128992,0.8472706260100741
Rheumatic,All features,1,0.1884449860591086,0.8197525393342338,14,0.8396772858916011,0.8348781625131727,0.8369583043176174,0.8350444907091598
Rheumatic,GA,2,0.1819992164725696,0.8233774148184723,10,0.8465039304923458,0.8489260794405715,0.8456378035769849,0.8399907640469159
Rheumatic,BPSO,2,0.18352326167855948,0.8240024773809644,13,0.8425734381464626,0.8362389616081543,0.8450909436155332,0.8392734606130218
Rheumatic,BGWO,2,0.1850645978318311,0.8210025707326382,11,0.8450558543649151,0.8484878105688338,0.840942960914872,0.8372141524839706
Rheumatic,LASSO,2,0.1867689455293787,0.8200025081232827,12,0.8491932147290029,0.845424482682495,0.852757144594672,0.8481076480781514
Rheumatic,mRMR,2,0.18481731430930126,0.8212523520685269,11,0.8483657426561854,0.8413909742380187,0.8488409244202543,0.8438716770073877
Rheumatic,ReliefF,2,0.1844446724231926,0.8216287580140912,11,0.8500206868018204,0.8435600735038428,0.8529816254128992,0.8472706260100741
Rheumatic,All features,2,0.1884449860591086,0.8197525393342338,14,0.8396772858916011,0.8348781625131727,0.8369583043176174,0.8350444907091598
Rheumatic,GA,3,0.1819992164725696,0.8233774148184723,10,0.8465039304923458,0.8489260794405715,0.8456378035769849,0.8399907640469159
Rheumatic,BPSO,3,0.1819992164725696,0.8233774148184723,10,0.8465039304923458,0.8489260794405715,0.8456378035769849,0.8399907640469159
Rheumatic,BGWO,3,0.1820671253966843,0.8247518213886306,12,0.8382292097641704,0.8302468029622777,0.8410192229474929,0.8343436273752878
Rheumatic,LASSO,3,0.1867689455293787,0.8200025081232827,12,0.8491932147290029,0.845424482682495,0.852757144594672,0.8481076480781514
Rheumatic,mRMR,3,0.18481731430930126,0.8212523520685269,11,0.8483657426561854,0.8413909742380187,0.8488409244202543,0.8438716770073877
Rheumatic,ReliefF,3,0.1867689455293787,0.8200025081232827,12,0.8491932147290029,0.845424482682495,0.852757144594672,0.8481076480781514
Rheumatic,All features,3,0.1884449860591086,0.8197525393342338,14,0.8396772858916011,0.8348781625131727,0.8369583043176174,0.8350444907091598
Rheumatic,GA,4,0.1819992164725696,0.8233774148184723,10,0.8465039304923458,0.8489260794405715,0.8456378035769849,0.8399907640469159
Rheumatic,BPSO,4,0.18370412090600288,0.8223767898496364,11,0.8444352503103021,0.8417531465886299,0.8423500643431907,0.8353204585168048
Rheumatic,BGWO,4,0.2190281905987313,0.7852529099291314,9,0.805750930906082,0.8131942146909372,0.7903199830160175,0.7923942841285461
Rheumatic,LASSO,4,0.1867689455293787,0.8200025081232827,12,0.8491932147290029,0.845424482682495,0.852757144594672,0.8481076480781514
Rheumatic,mRMR,4,0.1884449860591086,0.8197525393342338,14,0.8396772858916011,0.8348781625131727,0.8369583043176174,0.8350444907091598
Rheumatic,ReliefF,4,0.1844446724231926,0.8216287580140912,11,0.8500206868018204,0.8435600735038428,0.8529816254128992,0.8472706260100741
Rheumatic,All features,4,0.1884449860591086,0.8197525393342338,14,0.8396772858916011,0.8348781625131727,0.8369583043176174,0.8350444907091598
Rheumatic,GA,5,0.1819992164725696,0.8233774148184723,10,0.8465039304923458,0.8489260794405715,0.8456378035769849,0.8399907640469159
Rheumatic,BPSO,5,0.18221698656619595,0.8238789457484312,11,0.8460901944559371,0.8402083535879795,0.847394513698985,0.8428384110987333
Rheumatic,BGWO,5,0.1852443435875032,0.8193780079202709,9,0.8467107985105502,0.8511598562080571,0.8445982555059677,0.8403886136489308
Rheumatic,LASSO,5,0.1867689455293787,0.8200025081232827,12,0.8491932147290029,0.845424482682495,0.852757144594672,0.8481076480781514
Rheumatic,mRMR,5,0.18352326167855948,0.8240024773809644,13,0.8425734381464626,0.8362389616081543,0.8450909436155332,0.8392734606130218
Rheumatic,ReliefF,5,0.1844446724231926,0.8216287580140912,11,0.8500206868018204,0.8435600735038428,0.8529816254128992,0.8472706260100741
Rheumatic,All features,5,0.1884449860591086,0.8197525393342338,14,0.8396772858916011,0.8348781625131727,0.8369583043176174,0.8350444907091598
Rheumatic,GA,6,0.1819992164725696,0.8233774148184723,10,0.8465039304923458,0.8489260794405715,0.8456378035769849,0.8399907640469159
Rheumatic,BPSO,6,0.1819992164725696,0.8233774148184723,10,0.8465039304923458,0.8489260794405715,0.8456378035769849,0.8399907640469159
Rheumatic,BGWO,6,0.1819992164725696,0.8233774148184723,10,0.8465039304923458,0.8489260794405715,0.8456378035769849,0.8399907640469159
Rheumatic,LASSO,6,0.1867689455293787,0.8200025081232827,12,0.8491932147290029,0.845424482682495,0.852757144594672,0.8481076480781514
Rheumatic,mRMR,6,0.18352326167855948,0.8240024773809644,13,0.8425734381464626,0.8362389616081543,0.8450909436155332,0.8392734606130218
Rheumatic,ReliefF,6,0.1867689455293787,0.8200025081232827,12,0.8491932147290029,0.845424482682495,0.852757144594672,0.8481076480781514
Rheumatic,All features,6,0.1884449860591086,0.8197525393342338,14,0.8396772858916011,0.8348781625131727,0.8369583043176174,0.8350444907091598
Rheumatic,GA,7,0.1820671253966843,0.8247518213886306,12,0.8382292097641704,0.8302468029622777,0.8410192229474929,0.8343436273752878
Rheumatic,BPSO,7,0.18392170542100078,0.8228785082327553,12,0.8471245345469591,0.8440218278543177,0.851641561189658,0.8465388266118099
Rheumatic,BGWO,7,0.19152877183742278,0.8137516013186206,10,0.8357467935457179,0.839436520111276,0.8301629180872021,0.8272776712579257
Rheumatic,LASSO,7,0.1867689455293787,0.8200025081232827,12,0.8491932147290029,0.845424482682495,0.852757144594672,0.8481076480781514
Rheumatic,mRMR,7,0.18352326167855948,0.8240024773809644,13,0.8425734381464626,0.8362389616081543,0.8450909436155332,0.8392734606130218
Rheumatic,ReliefF,7,0.1867689455293787,0.8200025081232827,12,0.8491932147290029,0.845424482682495,0.852757144594672,0.8481076480781514
Rheumatic,All features,7,0.1884449860591086,0.8197525393342338,14,0.8396772858916011,0.8348781625131727,0.8369583043176174,0.8350444907091598
Rheumatic,GA,8,0.1819992164725696,0.8233774148184723,10,0.8465039304923458,0.8489260794405715,0.8456378035769849,0.8399907640469159
Rheumatic,BPSO,8,0.1819992164725696,0.8233774148184723,10,0.8465039304923458,0.8489260794405715,0.8456378035769849,0.8399907640469159
Rheumatic,BGWO,8,0.1980202323283756,0.8057515690766769,8,0.8287132809267688,0.8255601573223592,0.8314686827944684,0.8252697597379496
Rheumatic,LASSO,8,0.1867689455293787,0.8200025081232827,12,0.8491932147290029,0.845424482682495,0.852757144594672,0.8481076480781514
Rheumatic,mRMR,8,0.1883088898429362,0.8170040073736575,10,0.8487794786925942,0.8422165213437169,0.8504325392612408,0.8453031491221097
Rheumatic,ReliefF,8,0.1844446724231926,0.8216287580140912,11,0.8500206868018204,0.8435600735038428,0.8529816254128992,0.8472706260100741
Rheumatic,All features,8,0.1884449860591086,0.8197525393342338,14,0.8396772858916011,0.8348781625131727,0.8369583043176174,0.8350444907091598
Rheumatic,GA,9,0.1819992164725696,0.8233774148184723,10,0.8465039304923458,0.8489260794405715,0.8456378035769849,0.8399907640469159
Rheumatic,BPSO,9,0.1820671253966843,0.8247518213886306,12,0.8382292097641704,0.8302468029622777,0.8410192229474929,0.8343436273752878
Rheumatic,BGWO,9,0.18503638345332743,0.8217525708263648,12,0.8450558543649151,0.8395550726036747,0.8456841277682419,0.8415715959525985
Rheumatic,LASSO,9,0.1867689455293787,0.8200025081232827,12,0.8491932147290029,0.845424482682495,0.852757144594672,0.8481076480781514
Rheumatic,mRMR,9,0.1844446724231926,0.8216287580140912,11,0.8500206868018204,0.8435600735038428,0.8529816254128992,0.8472706260100741
Rheumatic,ReliefF,9,0.1844446724231926,0.8216287580140912,11,0.8500206868018204,0.8435600735038428,0.8529816254128992,0.8472706260100741
Rheumatic,All features,9,0.1884449860591086,0.8197525393342338,14,0.8396772858916011,0.8348781625131727,0.8369583043176174,0.8350444907091598
Rheumatic,RL-DOHO [random arm],0,0.18503638345332743,0.8217525708263648,12,0.8450558543649151,0.8395550726036747,0.8456841277682419,0.8415715959525985
Rheumatic,RL-DOHO [PERTURB only],0,0.1819992164725696,0.8233774148184723,10,0.8465039304923458,0.8489260794405715,0.8456378035769849,0.8399907640469159
Rheumatic,RL-DOHO [no intervention],0,0.25662066137652434,0.7480022179457907,10,0.783822920976417,0.788212751270837,0.7918538436145399,0.7818290048411816
Rheumatic,RL-DOHO [random arm],1,0.18352326167855948,0.8240024773809644,13,0.8425734381464626,0.8362389616081543,0.8450909436155332,0.8392734606130218
Rheumatic,RL-DOHO [PERTURB only],1,0.1820671253966843,0.8247518213886306,12,0.8382292097641704,0.8302468029622777,0.8410192229474929,0.8343436273752878
Rheumatic,RL-DOHO [no intervention],1,0.2807114775320517,0.7215035580484326,7,0.7325196524617295,0.7470492754491747,0.7614831335224796,0.7495639492595491
Rheumatic,RL-DOHO [random arm],2,0.18503638345332743,0.8217525708263648,12,0.8450558543649151,0.8395550726036747,0.8456841277682419,0.8415715959525985
Rheumatic,RL-DOHO [PERTURB only],2,0.1819992164725696,0.8233774148184723,10,0.8465039304923458,0.8489260794405715,0.8456378035769849,0.8399907640469159
Rheumatic,RL-DOHO [no intervention],2,0.21058472773044412,0.7945031610226394,10,0.8237484484898635,0.8182791366565904,0.8314527348072034,0.8209258127863561
Rheumatic,RL-DOHO [random arm],3,0.18835006901757564,0.8191269144122613,13,0.8427803061646669,0.8362840146999617,0.8450389063537415,0.8397693651133491
Rheumatic,RL-DOHO [PERTURB only],3,0.18481731430930126,0.8212523520685269,11,0.8483657426561854,0.8413909742380187,0.8488409244202543,0.8438716770073877
Rheumatic,RL-DOHO [no intervention],3,0.2170199450430182,0.7880029415149888,10,0.8103020273065784,0.8070908316238086,0.7968616722043176,0.8004938714982222
Rheumatic,RL-DOHO [random arm],4,0.18538099653956122,0.8221259775213667,13,0.8489863467107985,0.8428548569321739,0.8520391077179952,0.8461437264949547
Rheumatic,RL-DOHO [PERTURB only],4,0.1819992164725696,0.8233774148184723,10,0.8465039304923458,0.8489260794405715,0.8456378035769849,0.8399907640469159
Rheumatic,RL-DOHO [no intervention],4,0.2190281905987313,0.7852529099291314,9,0.805750930906082,0.8131942146909372,0.7903199830160175,0.7923942841285461
Rheumatic,RL-DOHO [random arm],5,0.1819992164725696,0.8233774148184723,10,0.8465039304923458,0.8489260794405715,0.8456378035769849,0.8399907640469159
Rheumatic,RL-DOHO [PERTURB only],5,0.1819992164725696,0.8233774148184723,10,0.8465039304923458,0.8489260794405715,0.8456378035769849,0.8399907640469159
Rheumatic,RL-DOHO [no intervention],5,0.21949333700420182,0.7855045657966215,10,0.8100951592883741,0.8060923204400637,0.798839317655293,0.8007133702367846
Rheumatic,RL-DOHO [random arm],6,0.18352326167855948,0.8240024773809644,13,0.8425734381464626,0.8362389616081543,0.8450909436155332,0.8392734606130218
Rheumatic,RL-DOHO [PERTURB only],6,0.1820671253966843,0.8247518213886306,12,0.8382292097641704,0.8302468029622777,0.8410192229474929,0.8343436273752878
Rheumatic,RL-DOHO [no intervention],6,0.2591818513099039,0.7432506552425213,7,0.7670666115018618,0.7662421103382384,0.7747788339175394,0.7601882605580754
Rheumatic,RL-DOHO [random arm],7,0.18810176481258892,0.8193777267405307,13,0.8431940422010757,0.8464721481059478,0.8367455100231949,0.834287240476188
Rheumatic,RL-DOHO [PERTURB only],7,0.1824942474642005,0.8228773835137946,10,0.8429871741828714,0.8455429772253364,0.8426655051518712,0.8376210986054213
Rheumatic,RL-DOHO [no intervention],7,0.2100236436009837,0.7936269112255576,8,0.8119569714522135,0.809469544378878,0.8165668903246224,0.8096557036600665
Rheumatic,RL-DOHO [random arm],8,0.1820671253966843,0.8247518213886306,12,0.8382292097641704,0.8302468029622777,0.8410192229474929,0.8343436273752878
Rheumatic,RL-DOHO [PERTURB only],8,0.1824942474642005,0.8228773835137946,10,0.8429871741828714,0.8455429772253364,0.8426655051518712,0.8376210986054213
Rheumatic,RL-DOHO [no intervention],8,0.20841430573428335,0.7952525050303054,8,0.8260239966901117,0.8233123769354771,0.8315323814655986,0.8239616729279944
Rheumatic,RL-DOHO [random arm],9,0.18296162081321374,0.8231267899433627,11,0.8423665701282581,0.8432553683852377,0.8381659210721951,0.833175534701682
Rheumatic,RL-DOHO [PERTURB only],9,0.18296162081321374,0.8231267899433627,11,0.8423665701282581,0.8432553683852377,0.8381659210721951,0.833175534701682
Rheumatic,RL-DOHO [no intervention],9,0.19867688302456868,0.8072527877096709,11,0.8334712453454696,0.8270561562243334,0.8374936295025189,0.8307607305704108
