dataset,method,seed,overhead_sec,n_unique,cold_sec
split 1,RL-DOHO,0,0.03245536639497004,72,
split 1,DO,0,0.01873534904098051,12,
split 1,HO,0,0.034700463835633855,137,
split 1,DOHO,0,0.020718679847050225,78,
split 1,GA,0,0.024999755253929834,135,
split 1,BPSO,0,0.020993238473693054,243,
split 1,BGWO,0,0.025306739398729405,60,
split 1,GA+SI,0,0.03625247080708505,168,
split 1,HO+SI,0,0.02749133397674086,146,
split 1,RL-DOHO,1,0.0272952161349167,82,
split 1,DO,1,0.007339738234804827,12,
split 1,HO,1,0.03730761669294225,130,
split 1,DOHO,1,0.02146099401943502,72,
split 1,GA,1,0.02261225382108023,123,
split 1,BPSO,1,0.02200738006968095,244,
split 1,BGWO,1,0.018852311026421376,48,
split 1,GA+SI,1,0.028919252512423554,171,
split 1,HO+SI,1,0.02792508627044299,139,
split 1,RL-DOHO,2,0.029083060358971125,86,
split 1,DO,2,0.01023282763253519,15,
split 1,HO,2,0.03276887634638115,135,
split 1,DOHO,2,0.021147100994312495,79,
split 1,GA,2,0.019420564259235107,122,
split 1,BPSO,2,0.01430345285734802,249,
split 1,BGWO,2,0.02002866906241252,49,
split 1,GA+SI,2,0.0321097536407251,156,
split 1,HO+SI,2,0.022521144547681615,150,
split 1,RL-DOHO,3,0.026825195931451162,78,
split 1,DO,3,0.010685564981031348,12,
split 1,HO,3,0.03225318010481715,113,
split 1,DOHO,3,0.024892010782281204,81,
split 1,GA,3,0.023159402555336328,139,
split 1,BPSO,3,0.01834531071983747,242,
split 1,BGWO,3,0.03687057002230176,56,
split 1,GA+SI,3,0.0336792275593325,181,
split 1,HO+SI,3,0.022620897822207553,120,
split 1,RL-DOHO,4,0.030474646134962313,96,
split 1,DO,4,0.008869954023111859,12,
split 1,HO,4,0.030779171338508604,127,
split 1,DOHO,4,0.021765089388054548,74,
split 1,GA,4,0.020330521707364824,134,
split 1,BPSO,4,0.017850205422746512,248,
split 1,BGWO,4,0.02388384378673436,48,
split 1,GA+SI,4,0.030591523755902017,170,
split 1,HO+SI,4,0.022133393601052376,134,
split 2,RL-DOHO,0,0.018366243300533824,81,295.0996637811413
split 2,DO,0,0.00883327581186677,12,43.724581059195685
split 2,HO,0,0.015126142827284639,134,488.1743097239466
split 2,DOHO,0,0.012474775204282196,78,284.1648353671991
split 2,GA,0,0.0126777682098691,152,553.7454830244048
split 2,BPSO,0,0.018785757222758548,243,885.2626783707451
split 2,BGWO,0,0.029564495812792302,61,222.25128239468054
split 2,GA+SI,0,0.043554114679409395,169,615.7070020640015
split 2,HO+SI,0,0.024083000894279394,147,535.5419933473461
split 2,RL-DOHO,1,0.03130475196849147,83,302.3985602537066
split 2,DO,1,0.00938595517345675,12,43.725133738557275
split 2,HO,1,0.03427658630607766,136,495.4794181313227
split 2,DOHO,1,0.022717356752764317,73,265.96018303900433
split 2,GA,1,0.02258920196618419,129,469.96687787334224
split 2,BPSO,1,0.019385433438401378,239,870.6913621191661
split 2,BGWO,1,0.03096714020375657,51,185.82289521958498
split 2,GA+SI,1,0.03382255253382027,181,659.4130182852398
split 2,HO+SI,1,0.02832641271106695,142,517.3313418494196
split 2,RL-DOHO,2,0.03452040041156579,86,313.3307128479956
split 2,DO,2,0.009295185752307589,15,54.65397991498208
split 2,HO,2,0.03797526781545457,143,520.9839696864726
split 2,DOHO,2,0.02219636629524757,80,291.4605149221874
split 2,GA,2,0.022587594604374317,122,444.4660233923399
split 2,BPSO,2,0.019082840475675766,247,899.8348913817927
split 2,BGWO,2,0.024283718559672707,47,171.2442958701463
split 2,GA+SI,2,0.032777136178992805,166,604.7672881396552
split 2,HO+SI,2,0.017534865490233642,143,520.9635292841474
split 2,RL-DOHO,3,0.035392925958149135,83,302.40264842769625
split 2,DO,3,0.00907834756799275,12,43.72482613095181
split 2,HO,3,0.035133863812006894,115,418.97771678790696
split 2,DOHO,3,0.024289325163408648,82,298.74856584495285
split 2,GA,3,0.022463516477728263,139,506.3965420073403
split 2,BPSO,3,0.026982348832461867,242,881.6278959804062
split 2,BGWO,3,0.0265265232501406,59,214.96228645822058
split 2,GA+SI,3,0.04260190943386988,176,641.2069027323965
split 2,HO+SI,3,0.03319054709572811,128,466.3345002365231
split 2,RL-DOHO,4,0.031156780176388565,78,284.1835173721712
split 2,DO,4,0.008992357592433109,12,43.72474014097625
split 2,HO,4,0.03552936942469387,135,491.83769193249265
split 2,DOHO,4,0.02251431690820027,69,251.38806407136516
split 2,GA,4,0.025149301805868163,125,455.3975220453873
split 2,BPSO,4,0.022110802430688636,248,903.4808983256962
split 2,BGWO,4,0.023582911746416357,56,204.0304059008709
split 2,GA+SI,4,0.030696435103891417,167,608.4081864205288
split 2,HO+SI,4,0.030838239217700902,151,550.1206645134641
