dataset,method,seed,fit,cv,n_feats,info,test_acc,test_prec,test_rec,test_f1
colon,DO,0,0.18923,0.8138888888888889,996,reused,0.8421052631578947,0.8397435897435898,0.8154761904761905,0.8246153846153846
colon,HO,0,0.191995,0.8111111111111111,999,reused,0.8421052631578947,0.9,0.7857142857142857,0.8080808080808081
colon,DOHO,0,0.16713000000000008,0.836111111111111,976,reused,0.8421052631578947,0.9,0.7857142857142857,0.8080808080808081
colon,RL-DOHO,0,0.1667250000000001,0.836111111111111,895,reused,0.8421052631578947,0.9,0.7857142857142857,0.8080808080808081
colon,GA,0,0.1913,0.8111111111111111,860,,0.7894736842105263,0.875,0.7142857142857143,0.7285714285714285
colon,BPSO,0,0.1669700000000001,0.836111111111111,944,,0.7894736842105263,0.875,0.7142857142857143,0.7285714285714285
colon,BGWO,0,0.189155,0.8138888888888889,981,,0.8421052631578947,0.9,0.7857142857142857,0.8080808080808081
colon,LASSO,0,0.04960000000000005,0.95,20,k=20,0.8947368421052632,0.9285714285714286,0.8571428571428572,0.8782051282051282
colon,mRMR,0,0.14035000000000014,0.8583333333333332,20,k=20,0.7894736842105263,0.7833333333333333,0.8035714285714286,0.7840909090909092
colon,ReliefF,0,0.0936,0.9055555555555556,20,k=20,0.8947368421052632,0.8869047619047619,0.8869047619047619,0.8869047619047619
colon,All features,0,0.31250000000000006,0.6944444444444444,2000,k=2000,0.7894736842105263,0.875,0.7142857142857143,0.7285714285714285
colon,DO,1,0.11745500000000005,0.8861111111111111,941,reused,0.42105263157894735,0.3977272727272727,0.39285714285714285,0.39420289855072466
colon,HO,1,0.09547500000000013,0.9083333333333332,945,reused,0.5789473684210527,0.5476190476190476,0.5476190476190476,0.5476190476190476
colon,DOHO,1,0.07351499999999998,0.9305555555555556,953,reused,0.631578947368421,0.5961538461538461,0.5892857142857143,0.5907692307692307
colon,RL-DOHO,1,0.11742500000000004,0.8861111111111111,935,reused,0.631578947368421,0.6136363636363636,0.6190476190476191,0.6144927536231883
colon,GA,1,0.16386499999999998,0.8388888888888889,873,,0.5789473684210527,0.5476190476190476,0.5476190476190476,0.5476190476190476
colon,BPSO,1,0.09563000000000012,0.9083333333333332,976,,0.5789473684210527,0.5476190476190476,0.5476190476190476,0.5476190476190476
colon,BGWO,1,0.14185500000000006,0.861111111111111,871,,0.631578947368421,0.5961538461538461,0.5892857142857143,0.5907692307692307
colon,LASSO,1,0.022099999999999922,0.9777777777777779,20,k=20,0.6842105263157895,0.6571428571428571,0.6309523809523809,0.6346153846153846
colon,mRMR,1,0.0660500000000001,0.9333333333333332,10,k=10,0.8947368421052632,0.8869047619047619,0.8869047619047619,0.8869047619047619
colon,ReliefF,1,0.11575000000000014,0.8833333333333332,50,k=50,0.631578947368421,0.5961538461538461,0.5892857142857143,0.5907692307692307
colon,All features,1,0.19150000000000003,0.8166666666666667,2000,k=2000,0.5789473684210527,0.5476190476190476,0.5476190476190476,0.5476190476190476
colon,DO,2,0.1670600000000001,0.836111111111111,962,reused,0.7368421052631579,0.7215909090909092,0.7321428571428572,0.7246376811594203
colon,HO,2,0.14234000000000008,0.861111111111111,968,reused,0.7894736842105263,0.7833333333333333,0.8035714285714286,0.7840909090909092
colon,DOHO,2,0.1670500000000001,0.836111111111111,960,reused,0.7894736842105263,0.7738095238095238,0.7738095238095238,0.7738095238095238
colon,RL-DOHO,2,0.14237500000000006,0.861111111111111,975,reused,0.7894736842105263,0.7738095238095238,0.7738095238095238,0.7738095238095238
colon,GA,2,0.16401,0.8388888888888889,902,,0.7368421052631579,0.7215909090909092,0.7321428571428572,0.7246376811594203
colon,BPSO,2,0.14231500000000008,0.861111111111111,963,,0.7894736842105263,0.7833333333333333,0.8035714285714286,0.7840909090909092
colon,BGWO,2,0.14218000000000006,0.861111111111111,936,,0.7368421052631579,0.7215909090909092,0.7321428571428572,0.7246376811594203
colon,LASSO,2,0.022049999999999924,0.9777777777777779,10,k=10,0.8421052631578947,0.8295454545454546,0.8452380952380952,0.8347826086956522
colon,mRMR,2,0.09375,0.9055555555555556,50,k=50,0.7894736842105263,0.7738095238095238,0.7738095238095238,0.7738095238095238
colon,ReliefF,2,0.07199999999999997,0.9277777777777778,100,k=100,0.8947368421052632,0.8869047619047619,0.8869047619047619,0.8869047619047619
colon,All features,2,0.28775,0.7194444444444444,2000,k=2000,0.7368421052631579,0.7215909090909092,0.7321428571428572,0.7246376811594203
colon,DO,3,0.191915,0.8111111111111111,983,reused,0.7368421052631579,0.7416666666666667,0.6726190476190476,0.6801346801346801
colon,HO,3,0.191795,0.8111111111111111,959,reused,0.7368421052631579,0.7416666666666667,0.6726190476190476,0.6801346801346801
colon,DOHO,3,0.191775,0.8111111111111111,955,reused,0.7894736842105263,0.875,0.7142857142857143,0.7285714285714285
colon,RL-DOHO,3,0.16967500000000008,0.8333333333333333,935,reused,0.7894736842105263,0.7928571428571429,0.7440476190476191,0.7564102564102564
colon,GA,3,0.14738000000000004,0.8555555555555555,876,,0.7894736842105263,0.7928571428571429,0.7440476190476191,0.7564102564102564
colon,BPSO,3,0.16978500000000007,0.8333333333333333,957,,0.8421052631578947,0.9,0.7857142857142857,0.8080808080808081
colon,BGWO,3,0.19133,0.8111111111111111,866,,0.631578947368421,0.5961538461538461,0.5892857142857143,0.5907692307692307
colon,LASSO,3,0.04960000000000005,0.95,20,k=20,0.6842105263157895,0.6571428571428571,0.6309523809523809,0.6346153846153846
colon,mRMR,3,0.11600000000000014,0.8833333333333332,100,k=100,0.7894736842105263,0.7833333333333333,0.8035714285714286,0.7840909090909092
colon,ReliefF,3,0.09355,0.9055555555555556,10,k=10,0.7368421052631579,0.717948717948718,0.7023809523809523,0.7076923076923077
colon,All features,3,0.26850000000000007,0.7388888888888888,2000,k=2000,0.7894736842105263,0.875,0.7142857142857143,0.7285714285714285
colon,DO,4,0.21085999999999994,0.7916666666666667,922,reused,0.7894736842105263,0.7833333333333333,0.8035714285714286,0.7840909090909092
colon,HO,4,0.18873499999999999,0.8138888888888889,897,reused,0.8421052631578947,0.8295454545454546,0.8452380952380952,0.8347826086956522
colon,DOHO,4,0.21087499999999992,0.7916666666666667,925,reused,0.7894736842105263,0.7833333333333333,0.8035714285714286,0.7840909090909092
colon,RL-DOHO,4,0.21080999999999994,0.7916666666666667,912,reused,0.7894736842105263,0.7738095238095238,0.7738095238095238,0.7738095238095238
colon,GA,4,0.21068499999999993,0.7916666666666667,887,,0.7894736842105263,0.7833333333333333,0.8035714285714286,0.7840909090909092
colon,BPSO,4,0.188985,0.8138888888888889,947,,0.7368421052631579,0.7444444444444445,0.7619047619047619,0.7338935574229692
colon,BGWO,4,0.18866,0.8138888888888889,882,,0.7894736842105263,0.7833333333333333,0.8035714285714286,0.7840909090909092
colon,LASSO,4,0.024800000000000023,0.975,10,k=10,0.8421052631578947,0.8295454545454546,0.8452380952380952,0.8347826086956522
colon,mRMR,4,0.09634999999999988,0.9027777777777779,20,k=20,0.7894736842105263,0.7833333333333333,0.8035714285714286,0.7840909090909092
colon,ReliefF,4,0.094,0.9055555555555556,100,k=100,0.7894736842105263,0.7738095238095238,0.7738095238095238,0.7738095238095238
colon,All features,4,0.28775,0.7194444444444444,2000,k=2000,0.7368421052631579,0.7215909090909092,0.7321428571428572,0.7246376811594203
colon,DO,5,0.18615,0.8166666666666667,930,reused,0.7368421052631579,0.7215909090909092,0.7321428571428572,0.7246376811594203
colon,HO,5,0.14229000000000006,0.861111111111111,958,reused,0.6842105263157895,0.6777777777777778,0.6904761904761905,0.6761363636363636
colon,DOHO,5,0.16422499999999998,0.8388888888888889,945,reused,0.7368421052631579,0.7215909090909092,0.7321428571428572,0.7246376811594203
colon,RL-DOHO,5,0.16418999999999997,0.8388888888888889,938,reused,0.6842105263157895,0.6777777777777778,0.6904761904761905,0.6761363636363636
colon,GA,5,0.16387499999999997,0.8388888888888889,875,,0.6842105263157895,0.6777777777777778,0.6904761904761905,0.6761363636363636
colon,BPSO,5,0.14237000000000008,0.861111111111111,974,,0.631578947368421,0.6388888888888888,0.6488095238095238,0.6274509803921569
colon,BGWO,5,0.14174500000000007,0.861111111111111,849,,0.6842105263157895,0.6777777777777778,0.6904761904761905,0.6761363636363636
colon,LASSO,5,0.04402500000000006,0.9555555555555555,5,k=5,0.8421052631578947,0.8397435897435898,0.8154761904761905,0.8246153846153846
colon,mRMR,5,0.13755000000000006,0.861111111111111,10,k=10,0.8421052631578947,0.8397435897435898,0.8154761904761905,0.8246153846153846
colon,ReliefF,5,0.09355,0.9055555555555556,10,k=10,0.7894736842105263,0.7928571428571429,0.7440476190476191,0.7564102564102564
colon,All features,5,0.23824999999999996,0.7694444444444445,2000,k=2000,0.6842105263157895,0.6777777777777778,0.6904761904761905,0.6761363636363636
colon,DO,6,0.07647499999999996,0.9277777777777778,995,reused,0.6842105263157895,0.6770833333333333,0.6011904761904762,0.5928571428571429
colon,HO,6,0.07621499999999996,0.9277777777777778,943,reused,0.7368421052631579,0.717948717948718,0.7023809523809523,0.7076923076923077
colon,DOHO,6,0.07635499999999996,0.9277777777777778,971,reused,0.7368421052631579,0.7416666666666667,0.6726190476190476,0.6801346801346801
colon,RL-DOHO,6,0.07602999999999997,0.9277777777777778,906,reused,0.6842105263157895,0.6571428571428571,0.6309523809523809,0.6346153846153846
colon,GA,6,0.07579999999999996,0.9277777777777778,860,,0.7368421052631579,0.7416666666666667,0.6726190476190476,0.6801346801346801
colon,BPSO,6,0.07635499999999996,0.9277777777777778,971,,0.631578947368421,0.5833333333333333,0.5595238095238095,0.5521885521885521
colon,BGWO,6,0.10095999999999988,0.9027777777777779,942,,0.7368421052631579,0.717948717948718,0.7023809523809523,0.7076923076923077
colon,LASSO,6,0.0001,1.0,20,k=20,0.8421052631578947,0.8397435897435898,0.8154761904761905,0.8246153846153846
colon,mRMR,6,0.07124999999999998,0.9305555555555556,500,k=500,0.7368421052631579,0.717948717948718,0.7023809523809523,0.7076923076923077
colon,ReliefF,6,0.06899999999999998,0.9305555555555556,50,k=50,0.8421052631578947,0.8397435897435898,0.8154761904761905,0.8246153846153846
colon,All features,6,0.20249999999999999,0.8055555555555556,2000,k=2000,0.7894736842105263,0.7928571428571429,0.7440476190476191,0.7564102564102564
colon,DO,7,0.23873000000000005,0.7638888888888888,996,reused,0.8421052631578947,0.8397435897435898,0.8154761904761905,0.8246153846153846
colon,HO,7,0.192015,0.8111111111111111,1003,reused,0.8947368421052632,0.8869047619047619,0.8869047619047619,0.8869047619047619
colon,DOHO,7,0.21394500000000002,0.7888888888888889,989,reused,0.7368421052631579,0.7416666666666667,0.6726190476190476,0.6801346801346801
colon,RL-DOHO,7,0.19171,0.8111111111111111,942,reused,0.8421052631578947,0.8397435897435898,0.8154761904761905,0.8246153846153846
colon,GA,7,0.21358500000000002,0.7888888888888889,917,,0.8421052631578947,0.8397435897435898,0.8154761904761905,0.8246153846153846
colon,BPSO,7,0.19179,0.8111111111111111,958,,0.7894736842105263,0.7928571428571429,0.7440476190476191,0.7564102564102564
colon,BGWO,7,0.16989500000000007,0.8333333333333333,979,,0.8421052631578947,0.8397435897435898,0.8154761904761905,0.8246153846153846
colon,LASSO,7,0.04410000000000006,0.9555555555555555,20,k=20,0.9473684210526315,0.9375,0.9583333333333333,0.9449275362318841
colon,mRMR,7,0.11552500000000014,0.8833333333333332,5,k=5,0.8421052631578947,0.8397435897435898,0.8154761904761905,0.8246153846153846
colon,ReliefF,7,0.11280000000000004,0.8861111111111111,10,k=10,0.8421052631578947,0.8397435897435898,0.8154761904761905,0.8246153846153846
colon,All features,7,0.30700000000000005,0.7,2000,k=2000,0.7894736842105263,0.7928571428571429,0.7440476190476191,0.7564102564102564
colon,DO,8,0.21094000000000004,0.7916666666666666,938,reused,0.7368421052631579,0.8529411764705883,0.6428571428571428,0.6360153256704981
colon,HO,8,0.188855,0.8138888888888889,921,reused,0.8947368421052632,0.9285714285714286,0.8571428571428572,0.8782051282051282
colon,DOHO,8,0.21088500000000004,0.7916666666666666,927,reused,0.7894736842105263,0.875,0.7142857142857143,0.7285714285714285
colon,RL-DOHO,8,0.21082500000000004,0.7916666666666666,915,reused,0.8421052631578947,0.9,0.7857142857142857,0.8080808080808081
colon,GA,8,0.18877,0.8138888888888889,904,,0.7368421052631579,0.7416666666666667,0.6726190476190476,0.6801346801346801
colon,BPSO,8,0.18905,0.8138888888888889,960,,0.7894736842105263,0.875,0.7142857142857143,0.7285714285714285
colon,BGWO,8,0.1668350000000001,0.836111111111111,917,,0.7894736842105263,0.875,0.7142857142857143,0.7285714285714285
colon,LASSO,8,0.022099999999999922,0.9777777777777779,20,k=20,0.8947368421052632,0.9285714285714286,0.8571428571428572,0.8782051282051282
colon,mRMR,8,0.11280000000000004,0.8861111111111111,10,k=10,0.7894736842105263,0.875,0.7142857142857143,0.7285714285714285
colon,ReliefF,8,0.09100000000000012,0.9083333333333332,50,k=50,0.8421052631578947,0.9,0.7857142857142857,0.8080808080808081
colon,All features,8,0.263,0.7444444444444445,2000,k=2000,0.7368421052631579,0.8529411764705883,0.6428571428571428,0.6360153256704981
colon,DO,9,0.1669400000000001,0.836111111111111,938,reused,0.631578947368421,0.6136363636363636,0.6190476190476191,0.6144927536231883
colon,HO,9,0.16685000000000008,0.836111111111111,920,reused,0.5789473684210527,0.5476190476190476,0.5476190476190476,0.5476190476190476
colon,DOHO,9,0.1668850000000001,0.836111111111111,927,reused,0.6842105263157895,0.6777777777777778,0.6904761904761905,0.6761363636363636
colon,RL-DOHO,9,0.1669400000000001,0.836111111111111,938,reused,0.631578947368421,0.6136363636363636,0.6190476190476191,0.6144927536231883
colon,GA,9,0.19113,0.8111111111111111,826,,0.631578947368421,0.6136363636363636,0.6190476190476191,0.6144927536231883
colon,BPSO,9,0.1670050000000001,0.836111111111111,951,,0.631578947368421,0.6136363636363636,0.6190476190476191,0.6144927536231883
colon,BGWO,9,0.14478500000000016,0.8583333333333332,907,,0.631578947368421,0.6136363636363636,0.6190476190476191,0.6144927536231883
colon,LASSO,9,5e-05,1.0,10,k=10,0.7368421052631579,0.7916666666666667,0.7916666666666667,0.7368421052631579
colon,mRMR,9,0.094,0.9055555555555556,100,k=100,0.7368421052631579,0.7916666666666667,0.7916666666666667,0.7368421052631579
colon,ReliefF,9,0.093525,0.9055555555555556,5,k=5,0.5263157894736842,0.5056818181818181,0.5059523809523809,0.5043478260869565
colon,All features,9,0.24375000000000005,0.7638888888888888,2000,k=2000,0.631578947368421,0.6136363636363636,0.6190476190476191,0.6144927536231883
ALLAML,DO,0,0.16326183195399066,0.8400000000000001,3466,reused,0.8181818181818182,0.8229166666666667,0.7767857142857143,0.7904761904761906
ALLAML,HO,0,0.1434337775284051,0.86,3446,reused,0.9090909090909091,0.9375,0.875,0.8952380952380952
ALLAML,DOHO,0,0.1632365829709636,0.8400000000000001,3448,reused,0.8636363636363636,0.861904761904762,0.8392857142857143,0.8482758620689655
ALLAML,RL-DOHO,0,0.16317907139851304,0.8400000000000001,3407,reused,0.8636363636363636,0.861904761904762,0.8392857142857143,0.8482758620689655
ALLAML,GA,0,0.16316364146444096,0.8400000000000001,3396,,0.8636363636363636,0.861904761904762,0.8392857142857143,0.8482758620689655
ALLAML,BPSO,0,0.14359088231168468,0.86,3558,,0.8636363636363636,0.861904761904762,0.8392857142857143,0.8482758620689655
ALLAML,BGWO,0,0.16310192172815255,0.8400000000000001,3352,,0.8636363636363636,0.861904761904762,0.8392857142857143,0.8482758620689655
ALLAML,LASSO,0,7.013606396409034e-05,1.0,50,k=50,0.9545454545454546,0.9666666666666667,0.9375,0.9494252873563218
ALLAML,mRMR,0,0.03974027212792822,0.96,100,k=100,1.0,1.0,1.0,1.0
ALLAML,ReliefF,0,0.03967013606396413,0.96,50,k=50,1.0,1.0,1.0,1.0
ALLAML,All features,0,0.20799999999999996,0.8,7129,k=7129,0.8636363636363636,0.861904761904762,0.8392857142857143,0.8482758620689655
ALLAML,DO,1,0.10384499929863934,0.9,3454,reused,0.6818181818181818,0.6529411764705882,0.6160714285714286,0.6178660049627791
ALLAML,HO,1,0.10385762379015287,0.9,3463,reused,0.7272727272727273,0.7083333333333333,0.6785714285714286,0.6857142857142857
ALLAML,DOHO,1,0.10381273670921586,0.9,3431,reused,0.7272727272727273,0.7083333333333333,0.6785714285714286,0.6857142857142857
ALLAML,RL-DOHO,1,0.10375662785804458,0.9,3391,reused,0.7272727272727273,0.7083333333333333,0.6785714285714286,0.6857142857142857
ALLAML,GA,1,0.10359531491092717,0.9,3276,,0.6818181818181818,0.6523809523809523,0.6428571428571428,0.6459770114942529
ALLAML,BPSO,1,0.10371875438350397,0.9,3364,,0.6818181818181818,0.6529411764705882,0.6160714285714286,0.6178660049627791
ALLAML,BGWO,1,0.10372997615373823,0.9,3372,,0.6818181818181818,0.6523809523809523,0.6428571428571428,0.6459770114942529
ALLAML,LASSO,1,1.4027212792818068e-05,1.0,10,k=10,0.8181818181818182,0.8229166666666667,0.7767857142857143,0.7904761904761906
ALLAML,mRMR,1,0.00014027212792818068,1.0,100,k=100,0.9090909090909091,0.9017857142857143,0.9017857142857143,0.9017857142857143
ALLAML,ReliefF,1,0.019807013606396317,0.9800000000000001,5,k=5,0.8636363636363636,0.861904761904762,0.8392857142857143,0.8482758620689655
ALLAML,All features,1,0.16839999999999994,0.8400000000000001,7129,k=7129,0.7272727272727273,0.7083333333333333,0.6785714285714286,0.6857142857142857
ALLAML,DO,2,0.14352916257539627,0.86,3514,reused,0.7727272727272727,0.868421052631579,0.6875,0.696969696969697
ALLAML,HO,2,0.16321273670921582,0.8400000000000001,3431,reused,0.8181818181818182,0.8888888888888888,0.75,0.7708333333333333
ALLAML,DOHO,2,0.14351653808388273,0.86,3505,reused,0.7727272727272727,0.868421052631579,0.6875,0.696969696969697
ALLAML,RL-DOHO,2,0.16330391359236912,0.8400000000000001,3496,reused,0.7727272727272727,0.868421052631579,0.6875,0.696969696969697
ALLAML,GA,2,0.18277848225557575,0.8200000000000001,3264,,0.7727272727272727,0.868421052631579,0.6875,0.696969696969697
ALLAML,BPSO,2,0.14358667414784682,0.86,3555,,0.7727272727272727,0.868421052631579,0.6875,0.696969696969697
ALLAML,BGWO,2,0.16308088090896333,0.8400000000000001,3337,,0.7727272727272727,0.868421052631579,0.6875,0.696969696969697
ALLAML,LASSO,2,7.013606396409034e-05,1.0,50,k=50,0.9090909090909091,0.9375,0.875,0.8952380952380952
ALLAML,mRMR,2,0.00014027212792818068,1.0,100,k=100,0.9545454545454546,0.9666666666666667,0.9375,0.9494252873563218
ALLAML,ReliefF,2,0.039628054425585674,0.96,20,k=20,0.9545454545454546,0.9666666666666667,0.9375,0.9494252873563218
ALLAML,All features,2,0.20799999999999996,0.8,7129,k=7129,0.7272727272727273,0.85,0.625,0.611764705882353
ALLAML,DO,3,0.16325341562631498,0.8400000000000001,3460,reused,0.9090909090909091,0.9375,0.875,0.8952380952380952
ALLAML,HO,3,0.16335160611586472,0.8400000000000001,3530,reused,0.9090909090909091,0.9375,0.875,0.8952380952380952
ALLAML,DOHO,3,0.1830912891008557,0.82,3487,reused,0.9090909090909091,0.9375,0.875,0.8952380952380952
ALLAML,RL-DOHO,3,0.18305902651143213,0.8200000000000001,3464,reused,0.9090909090909091,0.9375,0.875,0.8952380952380952
ALLAML,GA,3,0.16308789451535974,0.8400000000000001,3342,,0.9090909090909091,0.9375,0.875,0.8952380952380952
ALLAML,BPSO,3,0.18312214896899992,0.82,3509,,0.9090909090909091,0.9375,0.875,0.8952380952380952
ALLAML,BGWO,3,0.1631201571047832,0.8400000000000001,3365,,0.9090909090909091,0.9375,0.875,0.8952380952380952
ALLAML,LASSO,3,0.019870136063963997,0.9800000000000001,50,k=50,0.8636363636363636,0.9117647058823529,0.8125,0.8362282878411911
ALLAML,mRMR,3,0.02008054425585627,0.9800000000000001,200,k=200,1.0,1.0,1.0,1.0
ALLAML,ReliefF,3,0.02008054425585627,0.9800000000000001,200,k=200,0.9545454545454546,0.9666666666666667,0.9375,0.9494252873563218
ALLAML,All features,3,0.2872,0.72,7129,k=7129,0.9090909090909091,0.9375,0.875,0.8952380952380952
ALLAML,DO,4,0.12369970542853123,0.8800000000000001,3493,reused,0.7727272727272727,0.868421052631579,0.6875,0.696969696969697
ALLAML,HO,4,0.12363938841352211,0.8800000000000001,3450,reused,0.7727272727272727,0.868421052631579,0.6875,0.696969696969697
ALLAML,DOHO,4,0.12370812175620692,0.8800000000000001,3499,reused,0.7727272727272727,0.868421052631579,0.6875,0.696969696969697
ALLAML,RL-DOHO,4,0.10391653808388271,0.9,3505,reused,0.7727272727272727,0.868421052631579,0.6875,0.696969696969697
ALLAML,GA,4,0.10383938841352221,0.9,3450,,0.7727272727272727,0.868421052631579,0.6875,0.696969696969697
ALLAML,BPSO,4,0.12360572310281935,0.8800000000000001,3426,,0.7727272727272727,0.868421052631579,0.6875,0.696969696969697
ALLAML,BGWO,4,0.08390332444943198,0.9199999999999999,3353,,0.7727272727272727,0.868421052631579,0.6875,0.696969696969697
ALLAML,LASSO,4,7.013606396409034e-05,1.0,50,k=50,0.9545454545454546,0.9666666666666667,0.9375,0.9494252873563218
ALLAML,mRMR,4,0.01994027212792809,0.9800000000000001,100,k=100,0.9090909090909091,0.9375,0.875,0.8952380952380952
ALLAML,ReliefF,4,0.03967013606396413,0.96,50,k=50,0.9090909090909091,0.9375,0.875,0.8952380952380952
ALLAML,All features,4,0.22780000000000009,0.7799999999999999,7129,k=7129,0.7727272727272727,0.868421052631579,0.6875,0.696969696969697
ALLAML,DO,5,0.14347445644550427,0.86,3475,reused,0.8636363636363636,0.9117647058823529,0.8125,0.8362282878411911
ALLAML,HO,5,0.14343798569224295,0.86,3449,reused,0.8636363636363636,0.9117647058823529,0.8125,0.8362282878411911
ALLAML,DOHO,5,0.1434800673306214,0.86,3479,reused,0.8636363636363636,0.9117647058823529,0.8125,0.8362282878411911
ALLAML,RL-DOHO,5,0.14344359657736008,0.86,3453,reused,0.8636363636363636,0.9117647058823529,0.8125,0.8362282878411911
ALLAML,GA,5,0.12345843736849475,0.8800000000000001,3321,,0.8181818181818182,0.8888888888888888,0.75,0.7708333333333333
ALLAML,BPSO,5,0.12372074624772046,0.8800000000000001,3508,,0.8636363636363636,0.9117647058823529,0.8125,0.8362282878411911
ALLAML,BGWO,5,0.12352576798990028,0.8800000000000001,3369,,0.8181818181818182,0.8888888888888888,0.75,0.7708333333333333
ALLAML,LASSO,5,2.8054425585636136e-05,1.0,20,k=20,0.8636363636363636,0.861904761904762,0.8392857142857143,0.8482758620689655
ALLAML,mRMR,5,0.00028054425585636136,1.0,200,k=200,0.9090909090909091,0.9017857142857143,0.9017857142857143,0.9017857142857143
ALLAML,ReliefF,5,0.019828054425585544,0.9800000000000001,20,k=20,0.8636363636363636,0.861904761904762,0.8392857142857143,0.8482758620689655
ALLAML,All features,5,0.18819999999999995,0.8200000000000001,7129,k=7129,0.8181818181818182,0.8888888888888888,0.75,0.7708333333333333
ALLAML,DO,6,0.0839397952026933,0.9199999999999999,3379,reused,0.7727272727272727,0.868421052631579,0.6875,0.696969696969697
ALLAML,HO,6,0.06420993126665725,0.9400000000000001,3429,reused,0.8181818181818182,0.8888888888888888,0.75,0.7708333333333333
ALLAML,DOHO,6,0.08396925234955822,0.9199999999999999,3400,reused,0.7727272727272727,0.868421052631579,0.6875,0.696969696969697
ALLAML,RL-DOHO,6,0.0642295693645672,0.9400000000000001,3443,reused,0.7727272727272727,0.868421052631579,0.6875,0.696969696969697
ALLAML,GA,6,0.08389631084303556,0.9199999999999999,3348,,0.7272727272727273,0.85,0.625,0.611764705882353
ALLAML,BPSO,6,0.08400011221770241,0.9199999999999999,3422,,0.7727272727272727,0.868421052631579,0.6875,0.696969696969697
ALLAML,BGWO,6,0.0838247720577922,0.9199999999999999,3297,,0.7727272727272727,0.868421052631579,0.6875,0.696969696969697
ALLAML,LASSO,6,2.8054425585636136e-05,1.0,20,k=20,0.8636363636363636,0.861904761904762,0.8392857142857143,0.8482758620689655
ALLAML,mRMR,6,7.013606396409034e-05,1.0,50,k=50,0.8636363636363636,0.861904761904762,0.8392857142857143,0.8482758620689655
ALLAML,ReliefF,6,0.039614027212792856,0.96,10,k=10,0.9090909090909091,0.9017857142857143,0.9017857142857143,0.9017857142857143
ALLAML,All features,6,0.10899999999999997,0.9,7129,k=7129,0.7727272727272727,0.868421052631579,0.6875,0.696969696969697
ALLAML,DO,7,0.14352495441155844,0.86,3511,reused,0.9090909090909091,0.9017857142857143,0.9017857142857143,0.9017857142857143
ALLAML,HO,7,0.14354038434563052,0.86,3522,reused,0.9090909090909091,0.9017857142857143,0.9017857142857143,0.9017857142857143
ALLAML,DOHO,7,0.14349409454341422,0.86,3489,reused,1.0,1.0,1.0,1.0
ALLAML,RL-DOHO,7,0.1632744564455042,0.8400000000000001,3475,reused,0.9545454545454546,0.9444444444444444,0.9642857142857143,0.9520697167755992
ALLAML,GA,7,0.1235706550708373,0.8800000000000001,3401,,0.9545454545454546,0.9666666666666667,0.9375,0.9494252873563218
ALLAML,BPSO,7,0.14355300883714406,0.86,3531,,0.9090909090909091,0.9017857142857143,0.9017857142857143,0.9017857142857143
ALLAML,BGWO,7,0.12349631084303536,0.8800000000000001,3348,,0.9090909090909091,0.9017857142857143,0.9017857142857143,0.9017857142857143
ALLAML,LASSO,7,0.019828054425585544,0.9800000000000001,20,k=20,1.0,1.0,1.0,1.0
ALLAML,mRMR,7,7.013606396409034e-05,1.0,50,k=50,1.0,1.0,1.0,1.0
ALLAML,ReliefF,7,0.02008054425585627,0.9800000000000001,200,k=200,1.0,1.0,1.0,1.0
ALLAML,All features,7,0.2674,0.74,7129,k=7129,0.9090909090909091,0.9017857142857143,0.9017857142857143,0.9017857142857143
ALLAML,DO,8,0.16330391359236912,0.8400000000000001,3496,reused,0.9090909090909091,0.9017857142857143,0.9017857142857143,0.9017857142857143
ALLAML,HO,8,0.14344780474119792,0.86,3456,reused,0.9545454545454546,0.9666666666666667,0.9375,0.9494252873563218
ALLAML,DOHO,8,0.14345481834759422,0.8600000000000001,3461,reused,0.9545454545454546,0.9666666666666667,0.9375,0.9494252873563218
ALLAML,RL-DOHO,8,0.16324079113480144,0.8400000000000001,3451,reused,0.9545454545454546,0.9666666666666667,0.9375,0.9494252873563218
ALLAML,GA,8,0.1828850890728013,0.82,3340,,0.9545454545454546,0.9666666666666667,0.9375,0.9494252873563218
ALLAML,BPSO,8,0.1433790713985131,0.86,3407,,0.9545454545454546,0.9666666666666667,0.9375,0.9494252873563218
ALLAML,BGWO,8,0.12355101697292736,0.8800000000000001,3387,,0.9545454545454546,0.9666666666666667,0.9375,0.9494252873563218
ALLAML,LASSO,8,0.019814027212792726,0.9800000000000001,10,k=10,0.9545454545454546,0.9666666666666667,0.9375,0.9494252873563218
ALLAML,mRMR,8,0.01994027212792809,0.9800000000000001,100,k=100,0.9545454545454546,0.9666666666666667,0.9375,0.9494252873563218
ALLAML,ReliefF,8,0.05940701360639635,0.9400000000000001,5,k=5,0.9090909090909091,0.9375,0.875,0.8952380952380952
ALLAML,All features,8,0.22780000000000009,0.7799999999999999,7129,k=7129,0.9545454545454546,0.9666666666666667,0.9375,0.9494252873563218
ALLAML,DO,9,0.14350952447748633,0.86,3500,reused,0.7727272727272727,0.868421052631579,0.6875,0.696969696969697
ALLAML,HO,9,0.12365201290503565,0.8800000000000001,3459,reused,0.7727272727272727,0.868421052631579,0.6875,0.696969696969697
ALLAML,DOHO,9,0.1435123299200449,0.86,3502,reused,0.7727272727272727,0.868421052631579,0.6875,0.696969696969697
ALLAML,RL-DOHO,9,0.1433580305793239,0.86,3392,reused,0.7727272727272727,0.868421052631579,0.6875,0.696969696969697
ALLAML,GA,9,0.14327667274512554,0.86,3334,,0.7727272727272727,0.868421052631579,0.6875,0.696969696969697
ALLAML,BPSO,9,0.12370110814981052,0.8800000000000001,3494,,0.7727272727272727,0.868421052631579,0.6875,0.696969696969697
ALLAML,BGWO,9,0.14336784962827887,0.86,3399,,0.7727272727272727,0.868421052631579,0.6875,0.696969696969697
ALLAML,LASSO,9,0.019870136063963997,0.9800000000000001,50,k=50,0.9545454545454546,0.9666666666666667,0.9375,0.9494252873563218
ALLAML,mRMR,9,0.01994027212792809,0.9800000000000001,100,k=100,0.9090909090909091,0.9375,0.875,0.8952380952380952
ALLAML,ReliefF,9,0.05940701360639635,0.9400000000000001,5,k=5,0.9090909090909091,0.9375,0.875,0.8952380952380952
ALLAML,All features,9,0.22780000000000009,0.7799999999999999,7129,k=7129,0.7727272727272727,0.868421052631579,0.6875,0.696969696969697
lung,DO,0,0.0329271376216653,0.9716748768472907,1618,reused,0.9180327868852459,0.9422222222222223,0.8552380952380952,0.8818390804597701
lung,HO,0,0.039811368125460996,0.9645320197044336,1556,reused,0.9344262295081968,0.9463636363636365,0.8885714285714286,0.9106976744186047
lung,DOHO,0,0.03273088158301795,0.9716748768472907,1553,reused,0.9180327868852459,0.9422222222222223,0.8552380952380952,0.8818390804597701
lung,RL-DOHO,0,0.03985363865686196,0.9645320197044336,1570,reused,0.9180327868852459,0.9422222222222223,0.8552380952380952,0.8818390804597701
lung,GA,0,0.03943999131386679,0.9645320197044336,1433,,0.9344262295081968,0.9463636363636365,0.8219047619047618,0.8658491895701198
lung,BPSO,0,0.0328003260274624,0.9716748768472907,1576,,0.9180327868852459,0.9422222222222223,0.7885714285714285,0.8418390804597701
lung,BGWO,0,0.039672479236572106,0.9645320197044336,1510,,0.8852459016393442,0.9111111111111111,0.7504761904761905,0.7960292580982236
lung,LASSO,0,0.00015096618357487922,1.0,50,k=50,0.9180327868852459,0.9127131782945737,0.8171428571428571,0.8482352941176471
lung,mRMR,0,0.014502879512624628,0.9859605911330049,200,k=200,0.9180327868852459,0.9127131782945737,0.8171428571428571,0.8482352941176471
lung,ReliefF,0,0.04961618000523549,0.9504926108374384,200,k=200,0.9180327868852459,0.9127131782945737,0.8171428571428571,0.8482352941176471
lung,All features,0,0.059012315270935964,0.9504926108374384,3312,k=3312,0.9016393442622951,0.9382608695652174,0.7552380952380953,0.8130303030303031
lung,DO,1,0.053683208990742734,0.9504926108374384,1547,reused,0.9672131147540983,0.990909090909091,0.8666666666666668,0.9105003523608175
lung,HO,1,0.0606225101734846,0.9435960591133006,1584,reused,0.9672131147540983,0.990909090909091,0.8666666666666668,0.9105003523608175
lung,DOHO,1,0.053659054401370754,0.9504926108374384,1539,reused,0.9672131147540983,0.990909090909091,0.8666666666666668,0.9105003523608175
lung,RL-DOHO,1,0.053674151019728236,0.9504926108374384,1544,reused,0.9672131147540983,0.990909090909091,0.8666666666666668,0.9105003523608175
lung,GA,1,0.05311026034601741,0.9507389162561577,1438,,0.9672131147540983,0.990909090909091,0.8666666666666668,0.9105003523608175
lung,BPSO,1,0.05378055020108988,0.9507389162561577,1660,,0.9508196721311475,0.9866666666666667,0.8333333333333333,0.8864367816091955
lung,BGWO,1,0.046678205540087135,0.9576354679802955,1569,,0.9672131147540983,0.990909090909091,0.8666666666666668,0.9105003523608175
lung,LASSO,1,0.028343804288331963,0.9716748768472907,100,k=100,0.9508196721311475,0.9573643410852715,0.8619047619047621,0.8899108734402852
lung,mRMR,1,0.03502042431165376,0.9647783251231526,50,k=50,0.9672131147540983,0.990909090909091,0.8666666666666668,0.9105003523608175
lung,ReliefF,1,0.057349563313581216,0.9435960591133006,500,k=500,0.9508196721311475,0.9573643410852715,0.8619047619047621,0.8899108734402852
lung,All features,1,0.08705418719211806,0.9221674876847292,3312,k=3312,0.9672131147540983,0.990909090909091,0.8666666666666668,0.9105003523608175
lung,DO,2,0.046855622783846064,0.9573891625615765,1547,reused,0.9344262295081968,0.9463636363636365,0.8885714285714286,0.9106976744186047
lung,HO,2,0.046849584136503065,0.9573891625615765,1545,reused,0.9344262295081968,0.9463636363636365,0.8885714285714286,0.9106976744186047
lung,DOHO,2,0.046852603460174565,0.9573891625615765,1546,reused,0.9344262295081968,0.9463636363636365,0.8885714285714286,0.9106976744186047
lung,RL-DOHO,2,0.03997743092739336,0.9645320197044336,1611,reused,0.9508196721311475,0.9506976744186048,0.9219047619047618,0.9347593582887701
lung,GA,2,0.039699653149615585,0.9645320197044336,1519,,0.9344262295081968,0.9463636363636365,0.8885714285714286,0.9106976744186047
lung,BPSO,2,0.0399291217486494,0.9645320197044336,1595,,0.9344262295081968,0.9463636363636365,0.8885714285714286,0.9106976744186047
lung,BGWO,2,0.04669559862925669,0.9573891625615765,1494,,0.9344262295081968,0.9463636363636365,0.8885714285714286,0.9106976744186047
lung,LASSO,2,0.027614573665548082,0.9721674876847292,20,k=20,0.8852459016393442,0.8523809523809524,0.779047619047619,0.7978354978354978
lung,mRMR,2,0.015408676614073904,0.9859605911330049,500,k=500,0.9180327868852459,0.9060465116279071,0.8838095238095238,0.8936898395721926
lung,ReliefF,2,0.041848010518550215,0.9578817733990148,50,k=50,0.9016393442622951,0.8790476190476191,0.8790476190476191,0.8790476190476191
lung,All features,2,0.07315517241379306,0.9362068965517242,3312,k=3312,0.9508196721311475,0.9506976744186048,0.9219047619047618,0.9347593582887701
lung,DO,3,0.04639511196782558,0.9578817733990148,1556,reused,0.9344262295081968,0.9826086956521738,0.8,0.8575757575757577
lung,HO,3,0.04633472549439562,0.9578817733990148,1536,reused,0.9344262295081968,0.9826086956521738,0.8,0.8575757575757577
lung,DOHO,3,0.04638907332048258,0.9578817733990148,1554,reused,0.9180327868852459,0.778723404255319,0.7,0.7220973782771536
lung,RL-DOHO,3,0.04631660955236664,0.9578817733990148,1530,reused,0.9180327868852459,0.778723404255319,0.7,0.7220973782771536
lung,GA,3,0.04593919409342944,0.9578817733990148,1405,,0.9180327868852459,0.778723404255319,0.7,0.7220973782771536
lung,BPSO,3,0.04633472549439562,0.9578817733990148,1536,,0.9508196721311475,0.9866666666666667,0.8333333333333333,0.8864367816091955
lung,BGWO,3,0.04600259989053089,0.9578817733990148,1426,,0.9344262295081968,0.9826086956521738,0.8,0.8575757575757577
lung,LASSO,3,0.01420094714547487,0.9859605911330049,100,k=100,0.9344262295081968,0.9463636363636363,0.8285714285714285,0.8694855532064836
lung,mRMR,3,0.02112140953332854,0.9788177339901478,50,k=50,0.9180327868852459,0.778723404255319,0.7,0.7220973782771536
lung,ReliefF,3,0.03477658194712167,0.9650246305418719,50,k=50,0.8852459016393442,0.8747286821705427,0.779047619047619,0.8101960784313725
lung,All features,3,0.07291133004926097,0.9364532019704435,3312,k=3312,0.9344262295081968,0.9826086956521738,0.8,0.8575757575757577
lung,DO,4,0.03318003795721177,0.9714285714285715,1621,reused,0.9344262295081968,0.9580952380952382,0.7933333333333333,0.848829944002358
lung,HO,4,0.03321023119392674,0.9714285714285715,1631,reused,0.9344262295081968,0.9221262458471762,0.8219047619047618,0.8527080762374881
lung,DOHO,4,0.03323136645962723,0.9714285714285715,1638,reused,0.9344262295081968,0.9580952380952382,0.7933333333333333,0.848829944002358
lung,RL-DOHO,4,0.03321023119392674,0.9714285714285715,1631,reused,0.9508196721311475,0.9866666666666667,0.8333333333333333,0.8864367816091955
lung,GA,4,0.03265769496204269,0.9714285714285715,1448,,0.9344262295081968,0.9287929125138428,0.8285714285714285,0.8527080762374881
lung,BPSO,4,0.03311965148378182,0.9714285714285715,1601,,0.9344262295081968,0.9580952380952382,0.7933333333333333,0.848829944002358
lung,BGWO,4,0.0327633712905451,0.9714285714285715,1483,,0.9672131147540983,0.990909090909091,0.8666666666666668,0.9105003523608175
lung,LASSO,4,0.028343804288331963,0.9716748768472907,100,k=100,0.9672131147540983,0.9380952380952381,0.9904761904761905,0.9615555176530787
lung,mRMR,4,0.028587646652863945,0.9714285714285715,100,k=100,1.0,1.0,1.0,1.0
lung,ReliefF,4,0.03432436162870935,0.9714285714285715,2000,k=2000,0.9672131147540983,0.990909090909091,0.8666666666666668,0.9105003523608175
lung,All features,4,0.059256157635467946,0.9502463054187192,3312,k=3312,0.9508196721311475,0.9623376623376624,0.8266666666666665,0.8728935147539799
lung,DO,5,0.03995629566169288,0.9645320197044336,1604,reused,0.9672131147540983,0.9619047619047618,0.961904761904762,0.9588744588744589
lung,HO,5,0.03294223424002278,0.9716748768472907,1623,reused,0.9672131147540983,0.990909090909091,0.8666666666666668,0.9105003523608175
lung,DOHO,5,0.04000158551676534,0.9645320197044336,1619,reused,0.9508196721311475,0.937979094076655,0.9571428571428571,0.9412559328221979
lung,RL-DOHO,5,0.039907986482948916,0.9645320197044336,1588,reused,0.9672131147540983,0.9619047619047618,0.961904761904762,0.9588744588744589
lung,GA,5,0.039672479236572106,0.9645320197044336,1510,,0.9508196721311475,0.937979094076655,0.9571428571428571,0.9412559328221979
lung,BPSO,5,0.03298450477142375,0.9716748768472907,1637,,0.9672131147540983,0.9619047619047618,0.961904761904762,0.9588744588744589
lung,BGWO,5,0.039545667642369206,0.9645320197044336,1468,,0.9508196721311475,0.937979094076655,0.9571428571428571,0.9412559328221979
lung,LASSO,5,0.014049980961899992,0.9859605911330049,50,k=50,0.9672131147540983,0.990909090909091,0.8666666666666668,0.9105003523608175
lung,mRMR,5,0.02112140953332854,0.9788177339901478,50,k=50,0.9508196721311475,0.9866666666666667,0.8933333333333333,0.9308812260536399
lung,ReliefF,5,0.047979534042502596,0.9576354679802955,2000,k=2000,0.9672131147540983,0.9619047619047618,0.961904761904762,0.9588744588744589
lung,All features,5,0.06608374384236451,0.9433497536945813,3312,k=3312,0.9508196721311475,0.9573643410852715,0.8619047619047621,0.8899108734402852
lung,DO,6,0.039597718997644096,0.9647783251231526,1566,reused,0.9672131147540983,0.990909090909091,0.9266666666666665,0.9549447968052618
lung,HO,6,0.032556483662930305,0.97192118226601,1576,reused,0.9836065573770492,0.9953488372093023,0.96,0.9754248366013073
lung,DOHO,6,0.039603757644987095,0.9647783251231526,1568,reused,0.9836065573770492,0.9953488372093023,0.96,0.9754248366013073
lung,RL-DOHO,6,0.039597718997644096,0.9647783251231526,1566,reused,0.9344262295081968,0.9826086956521738,0.86,0.902020202020202
lung,GA,6,0.03223945467742306,0.97192118226601,1471,,0.9836065573770492,0.9953488372093023,0.96,0.9754248366013073
lung,BPSO,6,0.039579603055615115,0.9647783251231526,1560,,0.9672131147540983,0.990909090909091,0.9266666666666665,0.9549447968052618
lung,BGWO,6,0.032308899121867504,0.97192118226601,1494,,0.9344262295081968,0.9826086956521738,0.7933333333333333,0.862020202020202
lung,LASSO,6,0.007129518574046323,0.993103448275862,100,k=100,0.9508196721311475,0.9866666666666667,0.8266666666666665,0.886032741205155
lung,mRMR,6,0.021028533352371547,0.9790640394088669,100,k=100,0.9672131147540983,0.990909090909091,0.9266666666666665,0.9549447968052618
lung,ReliefF,6,0.04882656290902166,0.9509852216748769,100,k=100,0.9836065573770492,0.9953488372093023,0.96,0.9754248366013073
lung,All features,6,0.05169704433497534,0.9578817733990148,3312,k=3312,0.9508196721311475,0.9866666666666667,0.8933333333333333,0.9308812260536399
lung,DO,7,0.06069497394160054,0.9435960591133006,1608,reused,0.9344262295081968,0.9826086956521738,0.8,0.8575757575757577
lung,HO,7,0.06054098843435416,0.9435960591133006,1557,reused,0.9344262295081968,0.9826086956521738,0.8,0.8575757575757577
lung,DOHO,7,0.053912677589776546,0.9504926108374384,1623,reused,0.9344262295081968,0.9826086956521738,0.8,0.8575757575757577
lung,RL-DOHO,7,0.053819078555960125,0.9504926108374384,1592,reused,0.9508196721311475,0.9866666666666667,0.8333333333333333,0.8864367816091955
lung,GA,7,0.0608542752433307,0.9433497536945813,1580,,0.9344262295081968,0.9826086956521738,0.8,0.8575757575757577
lung,BPSO,7,0.060496421432141026,0.9438423645320198,1623,,0.9344262295081968,0.9826086956521738,0.8,0.8575757575757577
lung,BGWO,7,0.053692266961757225,0.9504926108374384,1550,,0.9508196721311475,0.9866666666666667,0.8333333333333333,0.8864367816091955
lung,LASSO,7,0.020877567168796445,0.9790640394088671,50,k=50,0.9508196721311475,0.9573643410852715,0.8619047619047621,0.8929411764705882
lung,mRMR,7,0.02248010518550245,0.9788177339901478,500,k=500,0.9508196721311475,0.9866666666666667,0.8333333333333333,0.8864367816091955
lung,ReliefF,7,0.05178779657790147,0.9507389162561577,1000,k=1000,0.9344262295081968,0.9826086956521738,0.8,0.8575757575757577
lung,All features,7,0.07998275862068951,0.9293103448275863,3312,k=3312,0.9344262295081968,0.9826086956521738,0.8,0.8575757575757577
lung,DO,8,0.0391372081816235,0.9652709359605911,1575,reused,0.9016393442622951,0.9382608695652174,0.7552380952380953,0.8130303030303031
lung,HO,8,0.0391311695342805,0.9652709359605911,1573,reused,0.9344262295081968,0.9463636363636365,0.8219047619047618,0.8658491895701198
lung,DOHO,8,0.03891981687727567,0.9652709359605911,1503,reused,0.9180327868852459,0.9422222222222223,0.7885714285714285,0.8418390804597701
lung,RL-DOHO,8,0.03899529996906311,0.9652709359605911,1528,reused,0.9344262295081968,0.9463636363636365,0.8885714285714286,0.9106976744186047
lung,GA,8,0.03896208740867664,0.9652709359605911,1517,,0.9180327868852459,0.9422222222222223,0.8552380952380952,0.8818390804597701
lung,BPSO,8,0.0391311695342805,0.9652709359605911,1573,,0.9180327868852459,0.9422222222222223,0.8552380952380952,0.8818390804597701
lung,BGWO,8,0.045740641583969927,0.958128078817734,1420,,0.9508196721311475,0.9506976744186048,0.9219047619047618,0.9347593582887701
lung,LASSO,8,0.020784690987839454,0.9793103448275862,100,k=100,0.9508196721311475,0.9573643410852715,0.8619047619047621,0.8929411764705882
lung,mRMR,8,0.02770515337569301,0.9721674876847292,50,k=50,0.9508196721311475,0.9866666666666667,0.8266666666666665,0.886032741205155
lung,ReliefF,8,0.027948995740225212,0.9719211822660098,50,k=50,0.9016393442622951,0.9246753246753248,0.7771428571428571,0.8232259988073942
lung,All features,8,0.051453201970443355,0.958128078817734,3312,k=3312,0.9344262295081968,0.9463636363636365,0.8885714285714286,0.9106976744186047
lung,DO,9,0.04650984626734248,0.9578817733990148,1594,reused,0.9344262295081968,0.9826086956521738,0.7933333333333333,0.862020202020202
lung,HO,9,0.046299216463196756,0.9581280788177342,1605,reused,0.9672131147540983,0.990909090909091,0.86,0.9064599483204134
lung,DOHO,9,0.04653400085671446,0.9578817733990148,1602,reused,0.9344262295081968,0.9826086956521738,0.8,0.8575757575757577
lung,RL-DOHO,9,0.04657325206444393,0.9578817733990148,1615,reused,0.9508196721311475,0.9866666666666667,0.8333333333333333,0.8864367816091955
lung,GA,9,0.03899155779253229,0.9650246305418719,1446,,0.9508196721311475,0.9866666666666667,0.8266666666666665,0.886032741205155
lung,BPSO,9,0.039628635087218284,0.9650246305418719,1657,,0.9508196721311475,0.9866666666666667,0.8266666666666665,0.886032741205155
lung,BGWO,9,0.03929047083601055,0.9650246305418719,1545,,0.9508196721311475,0.9866666666666667,0.8266666666666665,0.886032741205155
lung,LASSO,9,0.028587646652863945,0.9714285714285715,100,k=100,0.9672131147540983,0.990909090909091,0.8666666666666668,0.9105003523608175
lung,mRMR,9,0.028099961923799873,0.97192118226601,100,k=100,0.9672131147540983,0.990909090909091,0.8666666666666668,0.9105003523608175
lung,ReliefF,9,0.04345054853525622,0.9576354679802955,500,k=500,0.9508196721311475,0.9573643410852715,0.8619047619047621,0.8899108734402852
lung,All features,9,0.06559605911330045,0.9438423645320198,3312,k=3312,0.9508196721311475,0.9866666666666667,0.8266666666666665,0.886032741205155
GLIOMA,DO,0,0.25928500547715716,0.7428571428571428,2090,reused,0.8666666666666667,0.8666666666666667,0.875,0.8388888888888889
GLIOMA,HO,0,0.2592489206778788,0.7428571428571428,2074,reused,0.8666666666666667,0.8666666666666667,0.875,0.8388888888888889
GLIOMA,DOHO,0,0.2592489206778788,0.7428571428571428,2074,reused,0.8666666666666667,0.8666666666666667,0.875,0.8388888888888889
GLIOMA,RL-DOHO,0,0.25923087827823965,0.7428571428571428,2066,reused,0.8666666666666667,0.8666666666666667,0.875,0.8388888888888889
GLIOMA,GA,0,0.2590459436819384,0.7428571428571428,1984,,0.8666666666666667,0.8666666666666667,0.875,0.8388888888888889
GLIOMA,BPSO,0,0.25932109027643546,0.7428571428571428,2106,,0.8666666666666667,0.8666666666666667,0.875,0.8388888888888889
GLIOMA,BGWO,0,0.2590820284812167,0.7428571428571428,2000,,0.9333333333333333,0.95,0.9375,0.9365079365079365
GLIOMA,LASSO,0,0.028296990785488654,0.9714285714285715,5,k=5,0.6666666666666666,0.65,0.65,0.6458333333333333
GLIOMA,mRMR,0,0.11359391713383588,0.8857142857142858,200,k=200,0.7333333333333333,0.6583333333333333,0.6875,0.6555555555555556
GLIOMA,ReliefF,0,0.14147367742766936,0.8571428571428571,20,k=20,0.6,0.575,0.575,0.5678571428571428
GLIOMA,All features,0,0.3211428571428571,0.6857142857142857,4434,k=4434,0.8666666666666667,0.8666666666666667,0.875,0.8388888888888889
GLIOMA,DO,1,0.2593977704749017,0.7428571428571429,2140,reused,0.8666666666666667,0.8666666666666667,0.8875,0.8587301587301587
GLIOMA,HO,1,0.2593391326760745,0.7428571428571429,2114,reused,0.8666666666666667,0.8666666666666667,0.8875,0.8587301587301587
GLIOMA,DOHO,1,0.23109175848959337,0.7714285714285715,2131,reused,0.8666666666666667,0.8666666666666667,0.8875,0.8587301587301587
GLIOMA,RL-DOHO,1,0.23101507829112697,0.7714285714285715,2097,reused,0.8666666666666667,0.8666666666666667,0.8875,0.8587301587301587
GLIOMA,GA,1,0.23082563309491588,0.7714285714285715,2013,,0.8666666666666667,0.8666666666666667,0.8875,0.8587301587301587
GLIOMA,BPSO,1,0.23113686448869125,0.7714285714285715,2151,,0.8,0.8333333333333333,0.8375,0.8017857142857143
GLIOMA,BGWO,1,0.2307421869965848,0.7714285714285715,1976,,0.8,0.825,0.825,0.7777777777777778
GLIOMA,LASSO,1,4.510599909788002e-05,1.0,20,k=20,0.6,0.6875,0.6,0.6152777777777778
GLIOMA,mRMR,1,0.08496990785488757,0.9142857142857143,50,k=50,0.7333333333333333,0.8095238095238095,0.7875,0.7389610389610388
GLIOMA,ReliefF,1,0.14143984792834596,0.8571428571428571,5,k=5,0.8,0.8125,0.825,0.7906746031746031
GLIOMA,All features,1,0.292857142857143,0.7142857142857142,4434,k=4434,0.8666666666666667,0.8666666666666667,0.8875,0.8587301587301587
GLIOMA,DO,2,0.31601430504542816,0.6857142857142857,2160,reused,0.9333333333333333,0.95,0.875,0.8888888888888888
GLIOMA,HO,2,0.2876609317610672,0.7142857142857142,2130,reused,0.8666666666666667,0.8125,0.8125,0.8125
GLIOMA,DOHO,2,0.3159646884464205,0.6857142857142857,2138,reused,0.9333333333333333,0.95,0.875,0.8888888888888888
GLIOMA,RL-DOHO,2,0.2594699400734583,0.7428571428571429,2172,reused,0.9333333333333333,0.95,0.875,0.8888888888888888
GLIOMA,GA,2,0.2874759971647659,0.7142857142857142,2048,,0.9333333333333333,0.95,0.875,0.8888888888888888
GLIOMA,BPSO,2,0.2876970165603455,0.7142857142857142,2146,,0.8666666666666667,0.8125,0.8125,0.8125
GLIOMA,BGWO,2,0.25934364327598425,0.7428571428571429,2116,,0.9333333333333333,0.95,0.875,0.8888888888888888
GLIOMA,LASSO,2,4.510599909788002e-05,1.0,20,k=20,0.6,0.6821428571428572,0.6125,0.5966810966810966
GLIOMA,mRMR,2,0.16993981570977504,0.8285714285714286,100,k=100,0.9333333333333333,0.95,0.875,0.8888888888888888
GLIOMA,ReliefF,2,0.25461653457052646,0.7428571428571429,20,k=20,0.9333333333333333,0.95,0.875,0.8888888888888888
GLIOMA,All features,2,0.37771428571428584,0.6285714285714284,4434,k=4434,0.9333333333333333,0.95,0.875,0.8888888888888888
GLIOMA,DO,3,0.20261208840775818,0.8,2045,reused,0.8666666666666667,0.875,0.875,0.8333333333333333
GLIOMA,HO,3,0.2027992783040144,0.8,2128,reused,0.9333333333333333,0.9166666666666666,0.9375,0.9142857142857143
GLIOMA,DOHO,3,0.2027203428055931,0.8,2093,reused,0.8666666666666667,0.875,0.875,0.8333333333333333
GLIOMA,RL-DOHO,3,0.2026504285069914,0.8,2062,reused,0.8666666666666667,0.875,0.875,0.8333333333333333
GLIOMA,GA,3,0.20260983310780328,0.8,2044,,0.8666666666666667,0.875,0.875,0.8333333333333333
GLIOMA,BPSO,3,0.20274515110509694,0.8,2104,,0.8666666666666667,0.875,0.875,0.8333333333333333
GLIOMA,BGWO,3,0.20243617501127645,0.8,1967,,0.8666666666666667,0.875,0.875,0.8333333333333333
GLIOMA,LASSO,3,4.510599909788002e-05,1.0,20,k=20,0.8,0.8666666666666667,0.775,0.7763888888888888
GLIOMA,mRMR,3,0.11325562214060177,0.8857142857142858,50,k=50,0.8,0.8452380952380952,0.8125,0.7892857142857143
GLIOMA,ReliefF,3,0.11318796314195495,0.8857142857142858,20,k=20,0.6666666666666666,0.7125,0.7125,0.6666666666666666
GLIOMA,All features,3,0.26457142857142857,0.7428571428571429,4434,k=4434,0.8666666666666667,0.875,0.875,0.8333333333333333
GLIOMA,DO,4,0.2311188220890521,0.7714285714285715,2143,reused,0.9333333333333333,0.9583333333333334,0.9375,0.9415584415584416
GLIOMA,HO,4,0.23109401378954827,0.7714285714285715,2132,reused,0.9333333333333333,0.9583333333333334,0.9375,0.9415584415584416
GLIOMA,DOHO,4,0.23107597138990912,0.7714285714285715,2124,reused,0.8666666666666667,0.8958333333333334,0.875,0.8790584415584416
GLIOMA,RL-DOHO,4,0.25938423867517235,0.7428571428571429,2134,reused,0.8666666666666667,0.8875,0.8875,0.8875
GLIOMA,GA,4,0.23084367549455503,0.7714285714285715,2021,,0.8666666666666667,0.875,0.875,0.8558441558441559
GLIOMA,BPSO,4,0.23113911978864615,0.7714285714285715,2152,,0.9333333333333333,0.9583333333333334,0.9375,0.9415584415584416
GLIOMA,BGWO,4,0.23099026999162314,0.7714285714285715,2086,,0.9333333333333333,0.9583333333333334,0.9375,0.9415584415584416
GLIOMA,LASSO,4,0.028330820284812066,0.9714285714285715,20,k=20,0.7333333333333333,0.7875,0.7125,0.7222222222222221
GLIOMA,mRMR,4,0.11318796314195517,0.8857142857142856,20,k=20,0.6666666666666666,0.7166666666666667,0.725,0.7083333333333333
GLIOMA,ReliefF,4,0.11325562214060177,0.8857142857142858,50,k=50,0.6666666666666666,0.7166666666666667,0.725,0.7083333333333333
GLIOMA,All features,4,0.3777142857142857,0.6285714285714286,4434,k=4434,0.9333333333333333,0.9583333333333334,0.9375,0.9415584415584416
GLIOMA,DO,5,0.20285566080288675,0.8,2153,reused,0.8,0.8452380952380952,0.8125,0.8154761904761906
GLIOMA,HO,5,0.2026729815065403,0.8,2072,reused,0.8,0.8333333333333334,0.75,0.7689393939393939
GLIOMA,DOHO,5,0.2027631935047361,0.8,2112,reused,0.8,0.8452380952380952,0.8125,0.8154761904761906
GLIOMA,RL-DOHO,5,0.20274064050518714,0.8,2102,reused,0.8,0.8452380952380952,0.8125,0.8154761904761906
GLIOMA,GA,5,0.20252413170951733,0.8,2006,,0.7333333333333333,0.7827380952380952,0.6875,0.7053571428571428
GLIOMA,BPSO,5,0.17464888201559373,0.8285714285714286,2188,,0.8,0.8452380952380952,0.8125,0.8154761904761906
GLIOMA,BGWO,5,0.20260983310780328,0.8,2044,,0.7333333333333333,0.7827380952380952,0.6875,0.7053571428571428
GLIOMA,LASSO,5,4.510599909788002e-05,1.0,20,k=20,0.6666666666666666,0.6458333333333333,0.6375,0.6371753246753247
GLIOMA,mRMR,5,0.14147367742766936,0.8571428571428571,20,k=20,0.7333333333333333,0.775,0.6875,0.7034632034632035
GLIOMA,ReliefF,5,0.16975939171338353,0.8285714285714286,20,k=20,0.8,0.8785714285714286,0.75,0.7638888888888888
GLIOMA,All features,5,0.26457142857142857,0.7428571428571429,4434,k=4434,0.8,0.8452380952380952,0.8125,0.8154761904761906
GLIOMA,DO,6,0.23099703589148782,0.7714285714285715,2089,reused,0.7333333333333333,0.7541666666666667,0.775,0.7476190476190475
GLIOMA,HO,6,0.23094967459243504,0.7714285714285715,2068,reused,0.6,0.65,0.65,0.6083333333333333
GLIOMA,DOHO,6,0.2310421418905857,0.7714285714285715,2109,reused,0.6666666666666666,0.6916666666666667,0.7125,0.6892857142857143
GLIOMA,RL-DOHO,6,0.20286242670275142,0.8,2156,reused,0.6666666666666666,0.7125,0.7125,0.6666666666666666
GLIOMA,GA,6,0.23061814549906562,0.7714285714285715,1921,,0.6,0.65,0.65,0.6083333333333333
GLIOMA,BPSO,6,0.230972227591984,0.7714285714285715,2078,,0.7333333333333333,0.7541666666666667,0.775,0.7476190476190475
GLIOMA,BGWO,6,0.23067678329789287,0.7714285714285715,1947,,0.6666666666666666,0.7125,0.7125,0.6666666666666666
GLIOMA,LASSO,6,2.255299954894001e-05,1.0,10,k=10,0.5333333333333333,0.5625,0.6125,0.5589285714285714
GLIOMA,mRMR,6,0.1135939171338361,0.8857142857142856,200,k=200,0.8,0.825,0.825,0.7777777777777778
GLIOMA,ReliefF,6,0.14165410142406087,0.8571428571428571,100,k=100,0.8666666666666667,0.9166666666666666,0.9,0.8875
GLIOMA,All features,6,0.26457142857142857,0.7428571428571429,4434,k=4434,0.6666666666666666,0.7125,0.7125,0.6666666666666666
GLIOMA,DO,7,0.23110077968941306,0.7714285714285714,2135,reused,0.8,0.8041666666666667,0.825,0.8017857142857143
GLIOMA,HO,7,0.17459249951672137,0.8285714285714286,2163,reused,0.8,0.8041666666666667,0.825,0.8017857142857143
GLIOMA,DOHO,7,0.231123332688962,0.7714285714285714,2145,reused,0.8,0.8041666666666667,0.825,0.8017857142857143
GLIOMA,RL-DOHO,7,0.23105341839036028,0.7714285714285714,2114,reused,0.7333333333333333,0.7541666666666667,0.775,0.7476190476190475
GLIOMA,GA,7,0.23076473999613387,0.7714285714285714,1986,,0.7333333333333333,0.7625,0.7625,0.7208333333333332
GLIOMA,BPSO,7,0.20291655390166888,0.8,2180,,0.8666666666666667,0.8875,0.8875,0.8875
GLIOMA,BGWO,7,0.20244970681100583,0.8,1973,,0.7333333333333333,0.7625,0.7625,0.7208333333333332
GLIOMA,LASSO,7,4.510599909788002e-05,1.0,20,k=20,0.6666666666666666,0.5785714285714286,0.5625,0.5416666666666666
GLIOMA,mRMR,7,0.08508267285263228,0.9142857142857143,100,k=100,0.7333333333333333,0.7,0.7,0.7
GLIOMA,ReliefF,7,0.14165410142406087,0.8571428571428571,100,k=100,0.6666666666666666,0.725,0.725,0.7222222222222223
GLIOMA,All features,7,0.3211428571428571,0.6857142857142857,4434,k=4434,0.8,0.8041666666666667,0.825,0.8017857142857143
GLIOMA,DO,8,0.2027609382047812,0.8,2111,reused,0.7333333333333333,0.7625,0.7625,0.7208333333333332
GLIOMA,HO,8,0.20276995940460077,0.8,2115,reused,0.7333333333333333,0.7625,0.7625,0.7208333333333332
GLIOMA,DOHO,8,0.20280378890392417,0.8,2130,reused,0.7333333333333333,0.7625,0.7625,0.7208333333333332
GLIOMA,RL-DOHO,8,0.20270906630581864,0.8,2088,reused,0.6666666666666666,0.7375,0.7,0.6303571428571428
GLIOMA,GA,8,0.20254894000902116,0.8,2017,,0.7333333333333333,0.7625,0.7625,0.7208333333333332
GLIOMA,BPSO,8,0.20274515110509694,0.8,2104,,0.6666666666666666,0.7375,0.7,0.6303571428571428
GLIOMA,BGWO,8,0.20263464140730714,0.8,2055,,0.8,0.8041666666666667,0.825,0.8017857142857143
GLIOMA,LASSO,8,0.028330820284812066,0.9714285714285715,20,k=20,0.6,0.5875,0.5875,0.5875
GLIOMA,mRMR,8,0.08490224885624076,0.9142857142857143,20,k=20,0.6666666666666666,0.7083333333333333,0.7,0.6580086580086579
GLIOMA,ReliefF,8,0.14165410142406087,0.8571428571428571,100,k=100,0.8,0.8041666666666667,0.825,0.8017857142857143
GLIOMA,All features,8,0.26457142857142857,0.7428571428571429,4434,k=4434,0.7333333333333333,0.7625,0.7625,0.7208333333333332
GLIOMA,DO,9,0.23095418519234473,0.7714285714285716,2070,reused,0.9333333333333333,0.95,0.875,0.8888888888888888
GLIOMA,HO,9,0.23091810039306643,0.7714285714285716,2054,reused,0.9333333333333333,0.95,0.875,0.8888888888888888
GLIOMA,DOHO,9,0.23098575939171323,0.7714285714285716,2084,reused,0.9333333333333333,0.95,0.875,0.8888888888888888
GLIOMA,RL-DOHO,9,0.2309632063921643,0.7714285714285716,2074,reused,0.9333333333333333,0.95,0.875,0.8888888888888888
GLIOMA,GA,9,0.23078729299568257,0.7714285714285716,1996,,0.9333333333333333,0.95,0.875,0.8888888888888888
GLIOMA,BPSO,9,0.23095192989238983,0.7714285714285716,2069,,0.9333333333333333,0.95,0.875,0.8888888888888888
GLIOMA,BGWO,9,0.23068129389780256,0.7714285714285716,1949,,0.9333333333333333,0.95,0.875,0.8888888888888888
GLIOMA,LASSO,9,4.510599909788002e-05,1.0,20,k=20,0.8666666666666667,0.9083333333333333,0.8125,0.8304473304473304
GLIOMA,mRMR,9,0.16993981570977504,0.8285714285714286,100,k=100,0.9333333333333333,0.95,0.875,0.8888888888888888
GLIOMA,ReliefF,9,0.1418796314195503,0.8571428571428571,200,k=200,0.7333333333333333,0.7875,0.7125,0.7222222222222221
GLIOMA,All features,9,0.23628571428571415,0.7714285714285716,4434,k=4434,0.9333333333333333,0.95,0.875,0.8888888888888888
GSE93272,DO,0,0.1279759999999999,0.8755555555555556,2388,reused,0.875,0.84375,0.875,0.8359788359788359
GSE93272,HO,0,0.11702399999999995,0.8866666666666667,2412,reused,0.8295454545454546,0.8020833333333333,0.8295454545454546,0.8012820512820513
GSE93272,DOHO,0,0.11712399999999995,0.8866666666666667,2462,reused,0.875,0.84375,0.875,0.8359788359788359
GSE93272,RL-DOHO,0,0.11705399999999995,0.8866666666666667,2427,reused,0.875,0.84375,0.875,0.8359788359788359
GSE93272,GA,0,0.1279039999999999,0.8755555555555556,2352,,0.85,0.8235294117647058,0.85,0.8046218487394958
GSE93272,BPSO,0,0.11708799999999996,0.8866666666666667,2444,,0.875,0.84375,0.875,0.8359788359788359
GSE93272,BGWO,0,0.11675799999999995,0.8866666666666667,2279,,0.875,0.84375,0.875,0.8359788359788359
GSE93272,LASSO,0,0.019899999999999907,0.9800000000000001,50,k=50,0.9295454545454545,0.9295454545454545,0.9295454545454545,0.9295454545454545
GSE93272,mRMR,0,0.06199999999999995,0.9377777777777778,200,k=200,0.9,0.8666666666666667,0.9,0.8675213675213675
GSE93272,ReliefF,0,0.09131999999999987,0.9077777777777779,10,k=10,0.8090909090909091,0.7905982905982906,0.8090909090909091,0.7960526315789473
GSE93272,All features,0,0.1442000000000001,0.8644444444444443,5000,k=5000,0.875,0.84375,0.875,0.8359788359788359
GSE93272,DO,1,0.14183799999999996,0.8616666666666667,2444,reused,0.9090909090909092,0.9545454545454546,0.9090909090909092,0.9261904761904762
GSE93272,HO,1,0.15294800000000006,0.8505555555555555,2499,reused,0.8181818181818181,0.9166666666666667,0.8181818181818181,0.8434343434343434
GSE93272,DOHO,1,0.13312800000000002,0.8705555555555555,2489,reused,0.8636363636363636,0.9347826086956521,0.8636363636363636,0.8861689106487147
GSE93272,RL-DOHO,1,0.15278399999999995,0.8505555555555556,2417,reused,0.8636363636363636,0.9347826086956521,0.8636363636363636,0.8861689106487147
GSE93272,GA,1,0.1613000000000001,0.8416666666666666,2275,,0.9090909090909092,0.9545454545454546,0.9090909090909092,0.9261904761904762
GSE93272,BPSO,1,0.14184599999999997,0.8616666666666667,2448,,0.8181818181818181,0.9166666666666667,0.8181818181818181,0.8434343434343434
GSE93272,BGWO,1,0.1615160000000001,0.8416666666666666,2383,,0.9090909090909092,0.9545454545454546,0.9090909090909092,0.9261904761904762
GSE93272,LASSO,1,4e-05,1.0,20,k=20,0.8636363636363636,0.9347826086956521,0.8636363636363636,0.8861689106487147
GSE93272,mRMR,1,0.06310000000000013,0.9366666666666665,200,k=200,0.9090909090909092,0.9545454545454546,0.9090909090909092,0.9261904761904762
GSE93272,ReliefF,1,0.13589000000000015,0.8627777777777776,20,k=20,0.8181818181818181,0.9166666666666667,0.8181818181818181,0.8434343434343434
GSE93272,All features,1,0.20854999999999993,0.7994444444444445,5000,k=5000,0.8636363636363636,0.9347826086956521,0.8636363636363636,0.8861689106487147
GSE93272,DO,2,0.08859800000000011,0.9155555555555555,2499,reused,0.7681818181818182,0.797979797979798,0.7681818181818182,0.7785714285714285
GSE93272,HO,2,0.08742799999999992,0.9166666666666667,2464,reused,0.8386363636363636,0.8762626262626263,0.8386363636363636,0.8523809523809525
GSE93272,DOHO,2,0.0885360000000001,0.9155555555555555,2468,reused,0.7681818181818182,0.797979797979798,0.7681818181818182,0.7785714285714285
GSE93272,RL-DOHO,2,0.0885100000000001,0.9155555555555555,2455,reused,0.7681818181818182,0.797979797979798,0.7681818181818182,0.7785714285714285
GSE93272,GA,2,0.08728799999999992,0.9166666666666667,2394,,0.7931818181818182,0.8505434782608696,0.7931818181818182,0.810281517747858
GSE93272,BPSO,2,0.06748599999999991,0.9366666666666668,2393,,0.8386363636363636,0.8762626262626263,0.8386363636363636,0.8523809523809525
GSE93272,BGWO,2,0.06750399999999991,0.9366666666666668,2402,,0.7681818181818182,0.797979797979798,0.7681818181818182,0.7785714285714285
GSE93272,LASSO,2,2e-05,1.0,10,k=10,0.8386363636363636,0.8762626262626263,0.8386363636363636,0.8523809523809525
GSE93272,mRMR,2,0.03290000000000004,0.9677777777777777,500,k=500,0.8386363636363636,0.8762626262626263,0.8386363636363636,0.8523809523809525
GSE93272,ReliefF,2,0.0863700000000001,0.9127777777777777,10,k=10,0.7727272727272727,0.9,0.7727272727272727,0.7973856209150327
GSE93272,All features,2,0.16289999999999996,0.8455555555555556,5000,k=5000,0.7681818181818182,0.797979797979798,0.7681818181818182,0.7785714285714285
GSE93272,DO,3,0.11809400000000012,0.8855555555555554,2397,reused,0.9,0.8666666666666667,0.9,0.8675213675213675
GSE93272,HO,3,0.12706799999999996,0.8766666666666667,2484,reused,0.925,0.8928571428571428,0.925,0.8994594594594595
GSE93272,DOHO,3,0.11814400000000012,0.8855555555555554,2422,reused,0.9,0.8666666666666667,0.9,0.8675213675213675
GSE93272,RL-DOHO,3,0.10717999999999994,0.8966666666666667,2440,reused,0.875,0.84375,0.875,0.8359788359788359
GSE93272,GA,3,0.12664999999999996,0.8766666666666667,2275,,0.925,0.8928571428571428,0.925,0.8994594594594595
GSE93272,BPSO,3,0.11695999999999995,0.8866666666666667,2380,,0.8545454545454545,0.8277310924369747,0.8545454545454545,0.8324324324324325
GSE93272,BGWO,3,0.13695199999999988,0.8666666666666668,2476,,0.875,0.84375,0.875,0.8359788359788359
GSE93272,LASSO,3,1e-05,1.0,5,k=5,0.7386363636363636,0.7243589743589745,0.7386363636363636,0.7280701754385965
GSE93272,mRMR,3,0.052099999999999945,0.9477777777777778,200,k=200,0.8545454545454545,0.8277310924369747,0.8545454545454545,0.8324324324324325
GSE93272,ReliefF,3,0.06931999999999995,0.93,10,k=10,0.8295454545454546,0.8020833333333333,0.8295454545454546,0.8012820512820513
GSE93272,All features,3,0.20360000000000003,0.8044444444444444,5000,k=5000,0.8295454545454546,0.8020833333333333,0.8295454545454546,0.8012820512820513
GSE93272,DO,4,0.16485200000000008,0.8383333333333333,2401,reused,0.8340909090909091,0.8223684210526316,0.8340909090909091,0.8272017837235228
GSE93272,HO,4,0.16501200000000008,0.8383333333333333,2481,reused,0.8340909090909091,0.8223684210526316,0.8340909090909091,0.8272017837235228
GSE93272,DOHO,4,0.16491000000000008,0.8383333333333333,2430,reused,0.8340909090909091,0.8223684210526316,0.8340909090909091,0.8272017837235228
GSE93272,RL-DOHO,4,0.1539580000000001,0.8494444444444443,2454,reused,0.8340909090909091,0.8223684210526316,0.8340909090909091,0.8272017837235228
GSE93272,GA,4,0.17574200000000004,0.8272222222222222,2346,,0.8090909090909091,0.7905982905982906,0.8090909090909091,0.7960526315789473
GSE93272,BPSO,4,0.16498000000000007,0.8383333333333333,2465,,0.8090909090909091,0.7905982905982906,0.8090909090909091,0.7960526315789473
GSE93272,BGWO,4,0.1648920000000001,0.8383333333333333,2421,,0.8090909090909091,0.7905982905982906,0.8090909090909091,0.7960526315789473
GSE93272,LASSO,4,0.0001,1.0,50,k=50,1.0,1.0,1.0,1.0
GSE93272,mRMR,4,0.07940000000000008,0.9199999999999999,100,k=100,0.884090909090909,0.9023809523809524,0.884090909090909,0.89198606271777
GSE93272,ReliefF,4,0.11221999999999996,0.8866666666666667,10,k=10,0.8386363636363636,0.8762626262626263,0.8386363636363636,0.8523809523809525
GSE93272,All features,4,0.26245,0.745,5000,k=5000,0.8340909090909091,0.8223684210526316,0.8340909090909091,0.8272017837235228
GSE93272,DO,5,0.14800400000000005,0.8555555555555555,2502,reused,0.8795454545454545,0.8568376068376069,0.8795454545454545,0.8640350877192983
GSE93272,HO,5,0.11944199999999996,0.8844444444444445,2521,reused,0.8545454545454545,0.8277310924369747,0.8545454545454545,0.8324324324324325
GSE93272,DOHO,5,0.1183659999999999,0.8855555555555557,2533,reused,0.8545454545454545,0.8277310924369747,0.8545454545454545,0.8324324324324325
GSE93272,RL-DOHO,5,0.13790600000000003,0.8655555555555555,2403,reused,0.9045454545454545,0.8903508771929824,0.9045454545454545,0.8963210702341138
GSE93272,GA,5,0.1389200000000001,0.8644444444444443,2360,,0.8795454545454545,0.8568376068376069,0.8795454545454545,0.8640350877192983
GSE93272,BPSO,5,0.12922799999999987,0.8744444444444446,2464,,0.9045454545454545,0.8903508771929824,0.9045454545454545,0.8963210702341138
GSE93272,BGWO,5,0.10919599999999996,0.8944444444444445,2348,,0.8795454545454545,0.8568376068376069,0.8795454545454545,0.8640350877192983
GSE93272,LASSO,5,0.0001,1.0,50,k=50,0.9045454545454545,0.8903508771929824,0.9045454545454545,0.8963210702341138
GSE93272,mRMR,5,0.06399999999999997,0.9355555555555556,100,k=100,0.975,0.9583333333333333,0.975,0.9654403567447045
GSE93272,ReliefF,5,0.07537000000000002,0.9238888888888889,10,k=10,0.8590909090909091,0.8590909090909091,0.8590909090909091,0.8590909090909091
GSE93272,All features,5,0.19590000000000005,0.8122222222222222,5000,k=5000,0.8545454545454545,0.8277310924369747,0.8545454545454545,0.8324324324324325
GSE93272,DO,6,0.08244400000000003,0.9216666666666666,2447,reused,0.884090909090909,0.9023809523809524,0.884090909090909,0.89198606271777
GSE93272,HO,6,0.09336599999999999,0.9105555555555556,2408,reused,0.884090909090909,0.9023809523809524,0.884090909090909,0.89198606271777
GSE93272,DOHO,6,0.08243800000000004,0.9216666666666666,2444,reused,0.9295454545454545,0.9295454545454545,0.9295454545454545,0.9295454545454545
GSE93272,RL-DOHO,6,0.08243000000000003,0.9216666666666666,2440,reused,0.9295454545454545,0.9295454545454545,0.9295454545454545,0.9295454545454545
GSE93272,GA,6,0.10406000000000007,0.8994444444444444,2255,,0.884090909090909,0.9023809523809524,0.884090909090909,0.89198606271777
GSE93272,BPSO,6,0.07154400000000007,0.9327777777777777,2497,,0.884090909090909,0.9023809523809524,0.884090909090909,0.89198606271777
GSE93272,BGWO,6,0.093176,0.9105555555555556,2313,,0.884090909090909,0.9023809523809524,0.884090909090909,0.89198606271777
GSE93272,LASSO,6,4e-05,1.0,20,k=20,0.8386363636363636,0.8762626262626263,0.8386363636363636,0.8523809523809525
GSE93272,mRMR,6,0.053200000000000004,0.9466666666666667,200,k=200,0.8590909090909091,0.8590909090909091,0.8590909090909091,0.8590909090909091
GSE93272,ReliefF,6,0.06439000000000006,0.9349999999999999,20,k=20,0.8136363636363637,0.8285714285714285,0.8136363636363637,0.8199767711962833
GSE93272,All features,6,0.11945000000000007,0.8894444444444444,5000,k=5000,0.884090909090909,0.9023809523809524,0.884090909090909,0.89198606271777
GSE93272,DO,7,0.12924600000000008,0.8744444444444444,2473,reused,0.8795454545454545,0.8568376068376069,0.8795454545454545,0.8640350877192983
GSE93272,HO,7,0.15989799999999996,0.8433333333333334,2399,reused,0.8795454545454545,0.8568376068376069,0.8795454545454545,0.8640350877192983
GSE93272,DOHO,7,0.12916000000000008,0.8744444444444444,2430,reused,0.8795454545454545,0.8568376068376069,0.8795454545454545,0.8640350877192983
GSE93272,RL-DOHO,7,0.14011400000000007,0.8633333333333333,2407,reused,0.8795454545454545,0.8568376068376069,0.8795454545454545,0.8640350877192983
GSE93272,GA,7,0.13985200000000006,0.8633333333333333,2276,,0.8340909090909091,0.8223684210526316,0.8340909090909091,0.8272017837235228
GSE93272,BPSO,7,0.11824400000000013,0.8855555555555554,2472,,0.8545454545454545,0.8277310924369747,0.8545454545454545,0.8324324324324325
GSE93272,BGWO,7,0.148874,0.8544444444444445,2387,,0.8545454545454545,0.8277310924369747,0.8545454545454545,0.8324324324324325
GSE93272,LASSO,7,0.019839999999999906,0.9800000000000001,20,k=20,0.8636363636363636,0.9347826086956521,0.8636363636363636,0.8861689106487147
GSE93272,mRMR,7,0.07170000000000008,0.9277777777777777,100,k=100,0.9045454545454545,0.8903508771929824,0.9045454545454545,0.8963210702341138
GSE93272,ReliefF,7,0.06170000000000018,0.9377777777777776,50,k=50,0.8386363636363636,0.8762626262626263,0.8386363636363636,0.8523809523809525
GSE93272,All features,7,0.22065000000000007,0.7872222222222222,5000,k=5000,0.8545454545454545,0.8277310924369747,0.8545454545454545,0.8324324324324325
GSE93272,DO,8,0.14675799999999997,0.8566666666666667,2429,reused,0.9045454545454545,0.8903508771929824,0.9045454545454545,0.8963210702341138
GSE93272,HO,8,0.14666399999999996,0.8566666666666667,2382,reused,0.9045454545454545,0.8903508771929824,0.9045454545454545,0.8963210702341138
GSE93272,DOHO,8,0.14674599999999996,0.8566666666666667,2423,reused,0.9045454545454545,0.8903508771929824,0.9045454545454545,0.8963210702341138
GSE93272,RL-DOHO,8,0.14668799999999999,0.8566666666666667,2394,reused,0.9045454545454545,0.8903508771929824,0.9045454545454545,0.8963210702341138
GSE93272,GA,8,0.1355599999999999,0.8677777777777779,2330,,0.9045454545454545,0.8903508771929824,0.9045454545454545,0.8963210702341138
GSE93272,BPSO,8,0.14670199999999997,0.8566666666666667,2401,,0.9295454545454545,0.9295454545454545,0.9295454545454545,0.9295454545454545
GSE93272,BGWO,8,0.1356679999999999,0.8677777777777779,2384,,0.884090909090909,0.9023809523809524,0.884090909090909,0.89198606271777
GSE93272,LASSO,8,0.0001,1.0,50,k=50,0.9545454545454546,0.9761904761904762,0.9545454545454546,0.9639953542392566
GSE93272,mRMR,8,0.052099999999999945,0.9477777777777778,200,k=200,0.9295454545454545,0.9295454545454545,0.9295454545454545,0.9295454545454545
GSE93272,ReliefF,8,0.12795,0.8727777777777778,1000,k=1000,0.884090909090909,0.9023809523809524,0.884090909090909,0.89198606271777
GSE93272,All features,8,0.19370000000000004,0.8144444444444444,5000,k=5000,0.9045454545454545,0.8903508771929824,0.9045454545454545,0.8963210702341138
GSE93272,DO,9,0.1280039999999999,0.8755555555555556,2402,reused,0.884090909090909,0.9023809523809524,0.884090909090909,0.89198606271777
GSE93272,HO,9,0.13029600000000005,0.8733333333333333,2448,reused,0.8636363636363636,0.9347826086956521,0.8636363636363636,0.8861689106487147
GSE93272,DOHO,9,0.1281519999999999,0.8755555555555556,2476,reused,0.8636363636363636,0.9347826086956521,0.8636363636363636,0.8861689106487147
GSE93272,RL-DOHO,9,0.1281519999999999,0.8755555555555556,2476,reused,0.8386363636363636,0.8762626262626263,0.8386363636363636,0.8523809523809525
GSE93272,GA,9,0.14997600000000005,0.8533333333333333,2388,,0.8386363636363636,0.8762626262626263,0.8386363636363636,0.8523809523809525
GSE93272,BPSO,9,0.12808199999999992,0.8755555555555556,2441,,0.884090909090909,0.9023809523809524,0.884090909090909,0.89198606271777
GSE93272,BGWO,9,0.14773800000000004,0.8555555555555555,2369,,0.8636363636363636,0.9347826086956521,0.8636363636363636,0.8861689106487147
GSE93272,LASSO,9,0.0004,1.0,200,k=200,0.9545454545454546,0.9761904761904762,0.9545454545454546,0.9639953542392566
GSE93272,mRMR,9,0.08144000000000008,0.9177777777777777,20,k=20,0.884090909090909,0.9023809523809524,0.884090909090909,0.89198606271777
GSE93272,ReliefF,9,0.10121999999999999,0.8977777777777778,10,k=10,0.8181818181818181,0.9166666666666667,0.8181818181818181,0.8434343434343434
GSE93272,All features,9,0.197,0.8111111111111111,5000,k=5000,0.8636363636363636,0.9347826086956521,0.8636363636363636,0.8861689106487147
