,,fit,fit,cv,cv,test_acc,test_acc,test_prec,test_prec,test_rec,test_rec,test_f1,test_f1,n_feats,n_feats,rank_fit,rank_fit,rank_acc,rank_acc
,,mean,std,mean,std,mean,std,mean,std,mean,std,mean,std,mean,std,mean,std,mean,std
dataset,method,,,,,,,,,,,,,,,,,,
ALLAML,All features,0.212,0.0501,0.796,0.0506,0.8227,0.0815,0.872,0.0682,0.767,0.1112,0.7754,0.1151,7129.0,0.0,11.0,0.0,7.7,1.8738
ALLAML,BGWO,0.1275,0.0307,0.876,0.031,0.8227,0.0842,0.8683,0.0834,0.7696,0.108,0.7799,0.1091,3357.9,28.3057,5.5,1.354,7.75,1.4577
ALLAML,BPSO,0.1316,0.0268,0.872,0.027,0.8273,0.0852,0.8706,0.0842,0.7732,0.1125,0.7837,0.1147,3477.4,67.6005,6.8,2.0976,7.25,1.4577
ALLAML,DO,0.1375,0.0265,0.866,0.0267,0.8182,0.0773,0.8602,0.0794,0.7634,0.1044,0.7731,0.1052,3474.8,39.6787,8.1,1.5951,8.15,1.8416
ALLAML,DOHO,0.1375,0.0281,0.866,0.0284,0.8409,0.0915,0.886,0.079,0.7893,0.1204,0.8003,0.1204,3470.1,34.6521,8.2,1.9889,6.2,1.6865
ALLAML,GA,0.1374,0.035,0.866,0.0353,0.8227,0.0945,0.8729,0.089,0.767,0.1201,0.7762,0.1257,3347.2,56.5446,6.2,2.2998,7.75,1.9185
ALLAML,HO,0.1316,0.0298,0.872,0.0301,0.8455,0.0748,0.8878,0.0706,0.7955,0.0975,0.8099,0.0984,3463.5,34.7475,6.6,2.0656,5.8,1.7512
ALLAML,LASSO,0.008,0.0102,0.992,0.0103,0.9136,0.0585,0.9263,0.0589,0.8893,0.071,0.9016,0.0676,33.0,18.2878,1.1,0.3162,3.7,2.8983
ALLAML,RL-DOHO,0.1395,0.0371,0.864,0.0375,0.8364,0.0835,0.8804,0.0717,0.7857,0.1138,0.7955,0.1123,3447.7,40.3624,7.6,1.4298,6.5,1.1304
ALLAML,ReliefF,0.0357,0.0156,0.964,0.0158,0.9273,0.0489,0.9371,0.0497,0.908,0.0591,0.9183,0.0547,56.5,77.4973,2.85,0.3375,3.1,2.8166
ALLAML,mRMR,0.012,0.0139,0.988,0.014,0.9409,0.0482,0.9474,0.048,0.9268,0.0583,0.9341,0.0537,110.0,51.6398,2.05,0.4972,2.1,1.2202
GLIOMA,All features,0.2985,0.0495,0.7086,0.05,0.84,0.09,0.8591,0.0822,0.8438,0.0665,0.8255,0.0814,4434.0,0.0,11.0,0.0,4.5,1.0274
GLIOMA,BGWO,0.2252,0.0223,0.7771,0.0225,0.8333,0.1006,0.857,0.0917,0.8312,0.0869,0.8162,0.098,2011.3,59.9445,4.8,0.7888,5.1,2.706
GLIOMA,BPSO,0.2254,0.0321,0.7771,0.0324,0.8333,0.0846,0.852,0.0727,0.8387,0.0673,0.8198,0.0858,2127.8,41.2978,7.6,1.7127,5.3,2.7406
GLIOMA,DO,0.2367,0.0348,0.7657,0.0351,0.8467,0.0773,0.8633,0.0746,0.85,0.0546,0.8336,0.0666,2113.6,38.7304,8.7,1.2517,4.2,0.7888
GLIOMA,DOHO,0.2339,0.0339,0.7686,0.0342,0.8333,0.0846,0.8508,0.0804,0.8375,0.0592,0.8215,0.0685,2114.0,23.9258,8.65,1.4539,4.9,1.1499
GLIOMA,GA,0.2308,0.0267,0.7714,0.0269,0.8133,0.108,0.8341,0.0938,0.8125,0.0896,0.792,0.0958,2003.6,36.1392,5.0,0.9428,6.1,2.0248
GLIOMA,HO,0.2282,0.0338,0.7743,0.0342,0.8333,0.1054,0.8421,0.0928,0.8312,0.0908,0.8155,0.0987,2105.0,35.6651,7.35,1.7005,4.9,2.706
GLIOMA,LASSO,0.0085,0.0137,0.9914,0.0138,0.6733,0.1016,0.6957,0.1206,0.6562,0.0834,0.6512,0.0954,17.5,5.4006,1.0,0.0,10.4,0.7379
GLIOMA,RL-DOHO,0.2282,0.0248,0.7743,0.025,0.82,0.0996,0.8445,0.0837,0.8275,0.0736,0.8056,0.0935,2106.5,37.5389,6.9,1.8529,5.7,1.7353
GLIOMA,ReliefF,0.1501,0.0401,0.8486,0.0405,0.7533,0.1045,0.7879,0.1116,0.7625,0.0957,0.752,0.0978,63.5,61.2849,2.8,0.4216,7.3,4.1379
GLIOMA,mRMR,0.119,0.0321,0.88,0.0324,0.7733,0.0953,0.7938,0.1019,0.7675,0.0764,0.7509,0.0848,86.0,68.5079,2.2,0.4216,7.6,2.8166
GSE93272,All features,0.1908,0.0403,0.8173,0.0407,0.8532,0.0372,0.8584,0.0525,0.8532,0.0372,0.8469,0.0411,5000.0,0.0,11.0,0.0,7.3,1.6865
GSE93272,BGWO,0.1282,0.0313,0.8753,0.0315,0.8602,0.0415,0.8655,0.0558,0.8602,0.0415,0.8539,0.0464,2376.2,54.9197,6.9,2.5582,6.9,2.4585
GSE93272,BPSO,0.1202,0.0307,0.8835,0.031,0.8652,0.0377,0.8707,0.0457,0.8652,0.0377,0.8603,0.0404,2440.5,37.8337,5.7,1.767,5.75,2.993
GSE93272,DO,0.1276,0.0259,0.8761,0.0262,0.8718,0.042,0.8694,0.0449,0.8718,0.042,0.8644,0.0421,2438.2,42.2763,7.3,2.4518,5.1,1.9833
GSE93272,DOHO,0.1227,0.0245,0.8811,0.0248,0.8673,0.0443,0.8705,0.05,0.8673,0.0443,0.8604,0.043,2457.7,35.4497,6.55,1.8922,5.85,2.5501
GSE93272,GA,0.1347,0.0258,0.8686,0.026,0.8627,0.0445,0.866,0.0475,0.8627,0.0445,0.8569,0.0459,2325.1,51.0456,8.2,1.9889,6.65,3.1977
GSE93272,HO,0.1299,0.0266,0.8737,0.0269,0.8632,0.0348,0.8722,0.0437,0.8632,0.0348,0.8595,0.0337,2449.8,47.3657,7.7,1.6364,6.2,3.1109
GSE93272,LASSO,0.0041,0.0083,0.996,0.0084,0.8886,0.0758,0.9119,0.0786,0.8886,0.0758,0.8959,0.077,47.5,56.5317,1.0,0.0,4.3,3.8528
GSE93272,RL-DOHO,0.1255,0.0258,0.8782,0.0261,0.8673,0.0456,0.8686,0.0442,0.8673,0.0456,0.8603,0.0436,2431.3,26.3146,6.35,1.5644,5.65,2.5061
GSE93272,ReliefF,0.0926,0.0263,0.9067,0.0263,0.8282,0.0301,0.8669,0.046,0.8282,0.0301,0.8357,0.0314,115.0,311.2073,3.2,0.7888,9.0,2.6352
GSE93272,mRMR,0.0612,0.0145,0.9386,0.0149,0.8939,0.0398,0.8967,0.0419,0.8939,0.0398,0.8913,0.0405,182.0,128.7375,2.1,0.3162,3.3,2.7101
colon,All features,0.2602,0.0413,0.7472,0.0417,0.7263,0.0736,0.7471,0.1115,0.6881,0.065,0.6894,0.0693,2000.0,0.0,11.0,0.0,7.9,2.5906
colon,BGWO,0.1577,0.0288,0.8453,0.029,0.7316,0.084,0.7321,0.1141,0.7042,0.0841,0.705,0.0864,913.0,46.4662,5.7,2.3594,6.85,2.0555
colon,BPSO,0.153,0.0397,0.8503,0.0401,0.7211,0.093,0.7354,0.1309,0.6899,0.0915,0.6881,0.0948,960.1,11.0599,6.25,1.2748,7.9,3.1868
colon,DO,0.1756,0.0476,0.8275,0.0481,0.7158,0.1221,0.7189,0.1366,0.6827,0.1296,0.68,0.13,960.1,29.8569,9.15,1.0014,7.55,2.3387
colon,DOHO,0.1643,0.0512,0.8389,0.0517,0.7526,0.061,0.7686,0.0953,0.7149,0.0638,0.7175,0.0638,952.8,22.1149,7.65,2.1088,5.55,2.1788
colon,GA,0.171,0.0399,0.8317,0.0402,0.7316,0.0802,0.7335,0.0998,0.7012,0.0807,0.7017,0.081,878.0,26.3397,7.2,2.2509,7.35,2.0283
colon,HO,0.1577,0.0428,0.8456,0.0433,0.7579,0.1169,0.7561,0.1368,0.7339,0.1223,0.7351,0.1242,951.3,33.8068,6.3,1.8886,5.55,3.1042
colon,LASSO,0.0279,0.0186,0.9719,0.0188,0.8211,0.0901,0.8239,0.1011,0.8048,0.1017,0.8026,0.103,15.5,5.9861,1.0,0.0,2.4,2.6854
colon,RL-DOHO,0.1617,0.0415,0.8414,0.042,0.7526,0.0861,0.7542,0.109,0.7238,0.0769,0.7285,0.0846,929.1,22.8252,6.45,1.5357,5.75,1.8447
colon,ReliefF,0.0929,0.0147,0.9064,0.0149,0.7789,0.1185,0.774,0.1321,0.7506,0.1227,0.7564,0.1246,40.5,36.2438,2.4,1.2649,4.55,3.1837
colon,mRMR,0.1044,0.0249,0.895,0.0255,0.8,0.0484,0.8075,0.0517,0.7911,0.0526,0.7835,0.0528,82.5,151.13,2.9,0.3162,4.65,2.6879
lung,All features,0.0666,0.0118,0.9428,0.0119,0.9426,0.0177,0.9684,0.0196,0.8441,0.0513,0.8864,0.0376,3312.0,0.0,11.0,0.0,6.25,2.6379
lung,BGWO,0.0422,0.0067,0.9619,0.0068,0.9426,0.0235,0.9667,0.028,0.8505,0.0625,0.8896,0.0429,1495.9,49.9766,5.3,2.1108,5.85,3.3003
lung,BPSO,0.0418,0.0092,0.9627,0.0093,0.9426,0.0177,0.9684,0.0203,0.8508,0.0582,0.8914,0.0402,1601.8,41.8218,5.8,1.6021,6.35,2.6568
lung,DO,0.0439,0.0088,0.9605,0.0089,0.9393,0.0219,0.9676,0.0207,0.8441,0.0669,0.8856,0.0474,1583.6,28.9183,7.95,1.6406,6.75,2.5954
lung,DOHO,0.0432,0.0075,0.9612,0.0076,0.9393,0.0219,0.9457,0.0627,0.841,0.081,0.8748,0.069,1574.5,43.755,7.2,2.4404,7.15,2.4501
lung,GA,0.0422,0.0089,0.9619,0.0089,0.9426,0.0208,0.9436,0.063,0.8505,0.0761,0.8804,0.0676,1476.7,53.2709,4.7,2.2136,6.3,2.7203
lung,HO,0.0438,0.0104,0.9605,0.0106,0.9492,0.0196,0.9695,0.0263,0.8574,0.0492,0.8958,0.038,1578.6,32.322,7.15,1.901,4.55,2.4546
lung,LASSO,0.019,0.01,0.981,0.01,0.9443,0.0259,0.949,0.0421,0.8561,0.0552,0.886,0.0428,77.0,30.93,1.2,0.4216,5.25,3.4177
lung,RL-DOHO,0.0432,0.0067,0.9612,0.0068,0.9443,0.0176,0.9513,0.0635,0.8554,0.0688,0.888,0.0632,1577.5,36.0994,6.9,1.6465,5.4,2.6957
lung,ReliefF,0.0438,0.0091,0.9577,0.0094,0.9361,0.0332,0.9437,0.0439,0.8565,0.0663,0.8843,0.0536,645.0,774.3994,7.0,3.1623,7.1,3.2813
lung,mRMR,0.0235,0.0063,0.9768,0.0067,0.9508,0.0268,0.953,0.07,0.8614,0.0782,0.8943,0.0735,170.0,179.8147,1.8,0.4216,5.05,3.1042
