dataset,metric,vs,wins,ties,losses,p,holm_p
colon,fit,DO,9,1,0,0.00390625,0.0234375
colon,fit,HO,4,0,6,0.921875,1.0
colon,fit,DOHO,8,0,2,0.130859375,0.654296875
colon,fit,GA,5,0,5,0.431640625,1.0
colon,fit,BPSO,5,0,5,0.4921875,1.0
colon,fit,BGWO,4,0,6,0.845703125,1.0
colon,fit,LASSO,0,0,10,0.001953125,0.01953125
colon,fit,mRMR,0,0,10,0.001953125,0.01953125
colon,fit,ReliefF,0,0,10,0.001953125,0.01953125
colon,fit,All features,10,0,0,0.001953125,0.01953125
colon,test_acc,DO,4,5,1,0.125,1.0
colon,test_acc,HO,3,3,4,0.796875,1.0
colon,test_acc,DOHO,2,5,3,0.9375,1.0
colon,test_acc,GA,4,5,1,0.25,1.0
colon,test_acc,BPSO,7,2,1,0.046875,0.421875
colon,test_acc,BGWO,3,6,1,0.375,1.0
colon,test_acc,LASSO,1,0,9,0.037109375,0.37109375
colon,test_acc,mRMR,2,4,4,0.3125,1.0
colon,test_acc,ReliefF,2,4,4,0.4375,1.0
colon,test_acc,All features,6,3,1,0.125,1.0
ALLAML,fit,DO,7,0,3,0.845703125,1.0
ALLAML,fit,HO,2,0,8,0.10546875,0.52734375
ALLAML,fit,DOHO,7,0,3,0.76953125,1.0
ALLAML,fit,GA,3,0,7,0.375,1.0
ALLAML,fit,BPSO,3,0,7,0.275390625,1.0
ALLAML,fit,BGWO,2,0,8,0.02734375,0.1640625
ALLAML,fit,LASSO,0,0,10,0.001953125,0.01953125
ALLAML,fit,mRMR,0,0,10,0.001953125,0.01953125
ALLAML,fit,ReliefF,0,0,10,0.001953125,0.01953125
ALLAML,fit,All features,10,0,0,0.001953125,0.01953125
ALLAML,test_acc,DO,4,6,0,0.125,0.875
ALLAML,test_acc,HO,1,6,3,0.625,1.0
ALLAML,test_acc,DOHO,0,9,1,1.0,1.0
ALLAML,test_acc,GA,3,7,0,0.25,1.0
ALLAML,test_acc,BPSO,2,8,0,0.5,1.0
ALLAML,test_acc,BGWO,3,7,0,0.25,1.0
ALLAML,test_acc,LASSO,1,2,7,0.0234375,0.1875
ALLAML,test_acc,mRMR,0,1,9,0.00390625,0.0390625
ALLAML,test_acc,ReliefF,1,1,8,0.015625,0.140625
ALLAML,test_acc,All features,3,7,0,0.25,1.0
lung,fit,DO,6,1,3,0.40234375,1.0
lung,fit,HO,5,1,4,1.0,1.0
lung,fit,DOHO,6,0,4,0.603515625,1.0
lung,fit,GA,1,0,9,0.048828125,0.341796875
lung,fit,BPSO,4,0,6,0.447265625,1.0
lung,fit,BGWO,2,0,8,0.16015625,0.9609375
lung,fit,LASSO,0,0,10,0.001953125,0.01953125
lung,fit,mRMR,0,0,10,0.001953125,0.01953125
lung,fit,ReliefF,6,0,4,0.921875,1.0
lung,fit,All features,10,0,0,0.001953125,0.01953125
lung,test_acc,DO,5,3,2,0.484375,1.0
lung,test_acc,HO,3,3,4,0.375,1.0
lung,test_acc,DOHO,6,3,1,0.125,1.0
lung,test_acc,GA,5,3,2,0.609375,1.0
lung,test_acc,BPSO,5,3,2,0.5625,1.0
lung,test_acc,BGWO,3,4,3,1.0,1.0
lung,test_acc,LASSO,2,3,5,0.515625,1.0
lung,test_acc,mRMR,2,4,4,0.53125,1.0
lung,test_acc,ReliefF,5,3,2,0.390625,1.0
lung,test_acc,All features,3,5,2,0.8125,1.0
GLIOMA,fit,DO,7,0,3,0.10546875,0.421875
GLIOMA,fit,HO,6,0,4,0.76953125,1.0
GLIOMA,fit,DOHO,9,0,1,0.064453125,0.322265625
GLIOMA,fit,GA,2,0,8,0.322265625,0.966796875
GLIOMA,fit,BPSO,6,0,4,0.845703125,1.0
GLIOMA,fit,BGWO,1,0,9,0.048828125,0.29296875
GLIOMA,fit,LASSO,0,0,10,0.001953125,0.01953125
GLIOMA,fit,mRMR,0,0,10,0.001953125,0.01953125
GLIOMA,fit,ReliefF,0,0,10,0.001953125,0.01953125
GLIOMA,fit,All features,10,0,0,0.001953125,0.01953125
GLIOMA,test_acc,DO,0,6,4,0.125,1.0
GLIOMA,test_acc,HO,2,4,4,0.53125,1.0
GLIOMA,test_acc,DOHO,0,8,2,0.5,1.0
GLIOMA,test_acc,GA,2,7,1,0.75,1.0
GLIOMA,test_acc,BPSO,2,5,3,0.75,1.0
GLIOMA,test_acc,BGWO,2,5,3,0.75,1.0
GLIOMA,test_acc,LASSO,10,0,0,0.001953125,0.01953125
GLIOMA,test_acc,mRMR,5,4,1,0.1875,1.0
GLIOMA,test_acc,ReliefF,6,2,2,0.1953125,1.0
GLIOMA,test_acc,All features,0,7,3,0.25,1.0
GSE93272,fit,DO,7,0,3,0.4921875,1.0
GSE93272,fit,HO,6,0,4,0.232421875,1.0
GSE93272,fit,DOHO,6,1,3,0.9609375,1.0
GSE93272,fit,GA,7,0,3,0.083984375,0.50390625
GSE93272,fit,BPSO,4,0,6,0.275390625,1.0
GSE93272,fit,BGWO,6,0,4,0.76953125,1.0
GSE93272,fit,LASSO,0,0,10,0.001953125,0.01953125
GSE93272,fit,mRMR,0,0,10,0.001953125,0.01953125
GSE93272,fit,ReliefF,0,0,10,0.001953125,0.01953125
GSE93272,fit,All features,10,0,0,0.001953125,0.01953125
GSE93272,test_acc,DO,2,5,3,0.6875,1.0
GSE93272,test_acc,HO,4,3,3,0.890625,1.0
GSE93272,test_acc,DOHO,1,7,2,1.0,1.0
GSE93272,test_acc,GA,5,2,3,0.828125,1.0
GSE93272,test_acc,BPSO,5,2,3,0.671875,1.0
GSE93272,test_acc,BGWO,5,3,2,0.4375,1.0
GSE93272,test_acc,LASSO,3,2,5,0.5234375,1.0
GSE93272,test_acc,mRMR,2,0,8,0.05859375,0.52734375
GSE93272,test_acc,ReliefF,8,0,2,0.0078125,0.078125
GSE93272,test_acc,All features,4,5,1,0.1875,1.0
